42224 0 8 6
52345 13 19 9
25037 28 28 9
92997 11 11 5
90468 27 27 9
62693 1 13 9
34001 -8 10 9
32686 0 10 6
14822 9 13 6
41512 21 23 9
90163 -4 7 6
90341 21 21 8
87891 -4 13 10
64526 -2 12 8
6339 13 17 8
89750 10 14 6
78382 -6 6 5
23894 14 14 6
31624 12 19 8
80673 -5 9 8
64693 -14 4 7
67540 16 21 9
73579 5 9 6
92771 -5 9 7
10013 7 10 6
7708 8 13 6
84388 -2 9 7
35540 -4 7 7
94585 -3 8 7
56044 7 17 9
32465 10 20 10
17556 22 22 8
99480 10 19 9
18625 -1 9 7
49879 13 21 9
79716 6 10 5
10204 -9 2 6
10785 7 13 7
24105 11 16 7
84051 24 24 8
72327 3 15 9
53091 12 17 8
51092 14 14 5
95914 0 9 6
85979 -2 9 7
65620 1 9 7
61088 13 19 9
75059 7 15 7
52125 14 18 8
44627 -5 6 6
18256 13 15 6
45846 -2 9 7
40946 4 9 6
2721 8 14 6
49852 6 13 7
25568 19 23 9
36150 2 8 6
98022 5 15 8
11695 -4 10 8
80935 15 20 9
40801 -7 9 8
85722 6 15 8
82154 18 18 7
34548 10 10 5
94057 -4 4 5
64802 19 19 6
1884 5 15 9
98576 11 14 6
34741 10 10 4
51507 7 12 7
6948 12 16 7
88370 19 19 7
88201 2 16 10
76135 -3 12 8
82294 13 17 7
76147 25 27 9
58263 -1 8 7
51566 10 13 6
66250 14 22 10
42380 8 15 8
86600 -3 7 7
54929 3 15 9
90592 7 13 6
48074 -11 2 5
25754 -5 9 7
8266 3 10 5
39586 17 20 7
3953 -9 8 8
23814 4 11 6
13506 25 25 9
79329 6 13 6
59062 -14 6 9
96911 12 18 8
37586 5 13 6
91805 6 10 5
52548 17 17 6
29213 8 10 5
10177 -7 11 9
24038 5 12 6
89689 -2 6 5
61730 6 8 4
94280 13 19 9
72827 -1 6 6
65168 10 14 7
42161 -2 10 7
38763 10 14 7
55869 3 15 9
60173 8 13 6
2401 6 12 7
82689 6 11 7
43782 20 20 7
76079 3 15 8
49457 12 16 8
57127 16 20 7
98355 -8 6 6
62056 1 4 3
78092 24 24 8
31358 8 13 6
25415 4 8 5
32471 15 15 5
12728 11 11 5
72645 -9 6 7
99718 4 11 5
61849 1 11 8
4756 7 16 9
38051 12 16 6
3767 -4 3 3
56885 -13 6 8
41404 -6 8 8
91079 0 8 6
46984 -6 4 5
93113 12 13 6
98765 5 13 8
77791 4 13 8
66244 8 13 5
95328 17 21 9
39038 10 16 8
92650 -4 6 5
44379 -8 5 7
2173 12 21 10
31420 16 21 9
57441 0 3 3
38287 9 16 7
38796 13 18 8
91393 22 26 10
42085 14 18 7
3980 13 17 8
59647 15 19 8
63206 6 15 8
67323 4 15 9
33660 15 19 8
13823 10 16 7
55224 0 12 7
35058 1 11 8
22405 21 21 7
459 13 19 9
70949 -1 3 4
66955 12 12 5
65176 3 12 8
74294 -3 11 9
97003 11 14 7
60028 8 13 7
80816 -13 2 6
6725 9 9 4
55701 14 18 8
12898 0 9 7
25740 11 15 6
25965 7 11 6
30886 -5 9 7
2139 7 15 8
10194 -2 11 8
17979 18 22 8
74679 -2 8 7
93167 -6 6 6
19839 -6 12 10
42548 8 14 7
98946 6 14 7
25638 11 14 6
76641 4 14 8
96041 5 11 7
81250 -7 6 7
39599 -6 8 6
2226 -3 8 7
88358 8 10 5
35245 13 13 5
294 2 10 7
76438 9 9 5
26249 7 9 5
73080 2 11 8
41311 6 14 8
71908 1 11 6
70569 4 12 7
52924 3 12 7
58262 8 15 8
21145 12 18 8
43444 -5 10 8
31647 9 12 5
95536 15 18 7
76526 19 19 7
32310 24 24 8
16411 17 21 8
5293 -4 7 7
89546 -4 3 5
6823 7 11 5
36931 -1 11 8
42676 12 13 6
48373 17 21 9
3557 11 17 8
79524 10 15 7
37430 1 13 9
5314 -2 9 6
12504 2 7 4
16621 17 21 9
18352 3 10 6
18265 3 10 6
90360 18 21 8
63553 6 11 6
96843 2 7 5
92143 4 10 6
22893 2 7 5
76249 5 14 7
93030 8 19 10
80656 1 14 9
61781 6 11 6
69024 -5 8 7
83585 17 23 9
35497 -11 0 3
42528 17 20 8
65480 10 14 7
59327 15 20 8
70166 3 12 8
99527 0 7 6
82425 5 7 4
82050 19 19 6
38007 2 13 8
87112 12 21 10
74448 3 11 6
42302 6 13 7
85904 -9 7 8
95754 8 12 6
69011 6 13 7
93436 2 10 6
42097 22 24 9
74695 0 10 6
46320 12 14 6
19036 -4 5 6
73945 19 22 8
39937 1 9 7
46662 13 21 9
74625 12 19 9
84958 1 6 5
66829 5 13 7
48489 6 13 7
3309 11 15 7
95189 -2 5 5
93012 5 13 8
44608 13 15 7
49355 8 16 8
19540 4 13 6
50616 13 17 6
10657 4 11 6
87613 13 13 5
10764 -7 5 6
73657 9 18 9
95766 3 12 8
48597 4 13 8
20852 14 14 6
75455 17 22 9
30461 12 16 7
6035 9 15 6
10651 0 5 5
35612 2 9 7
20622 -12 7 8
47441 15 15 6
69436 -2 5 4
5157 -3 6 6
5289 -6 4 5
38847 3 12 7
36085 -1 7 6
23357 0 13 9
94372 -4 10 7
54752 2 12 8
36081 1 4 3
35649 5 16 9
95581 -9 6 8
61587 6 15 8
46532 8 13 6
54492 7 16 8
83673 11 12 6
51370 12 14 6
47804 25 25 8
14210 -6 7 7
93252 5 13 8
2111 6 12 7
71325 3 11 7
86021 4 14 8
40699 0 5 3
19736 12 12 5
12084 13 14 6
482 10 15 7
89232 7 14 7
73825 15 20 7
98201 12 13 6
58693 -6 6 6
15889 8 16 8
96078 27 27 9
35388 3 8 5
22236 10 16 8
75587 -4 10 8
72486 10 15 6
29509 0 9 7
49213 11 16 8
1094 4 8 6
53770 25 25 9
22398 -2 8 7
82134 -8 8 7
53348 3 12 8
53486 13 16 7
46437 -1 12 9
33187 16 16 6
2041 11 15 7
12797 7 11 5
17205 0 8 7
67550 3 16 9
15123 16 18 6
10550 0 9 6
62141 -2 12 9
22538 11 16 8
58478 10 10 5
82943 8 17 8
55634 6 14 8
38320 3 9 6
6611 17 20 8
31683 19 20 7
89882 2 11 7
45598 -5 10 9
74093 4 13 8
4336 -6 8 7
93992 10 13 7
66988 -7 7 6
86890 14 17 7
56626 18 18 7
16567 9 14 7
76464 10 15 7
23471 -5 7 7
21023 15 15 4
93977 17 17 6
20220 -7 3 5
46691 6 11 6
3576 19 19 7
48140 -3 6 5
20590 3 10 7
55868 20 25 10
43402 -2 10 7
77255 6 11 6
33253 0 4 4
31318 2 10 7
36901 3 10 6
58845 -5 8 6
76936 5 13 8
26843 20 20 8
64723 13 19 8
59592 12 19 7
51697 5 16 9
58520 5 14 8
37918 7 17 8
24531 11 17 7
43656 5 9 6
24611 11 15 7
3539 -1 10 8
87325 10 15 7
2274 12 16 7
52952 -5 8 7
11205 10 14 5
49122 8 13 7
83009 8 10 5
31876 3 11 6
53089 11 20 9
63064 8 12 6
37809 3 12 7
24507 17 19 8
48193 -3 9 6
78383 8 11 6
20978 -8 10 9
97460 10 15 7
458 -2 9 7
36444 10 17 8
51601 -1 12 9
24618 6 13 7
34690 -1 7 6
81555 4 13 8
8225 10 15 7
35378 -1 8 7
15005 -4 7 7
19303 -3 9 8
26282 -2 9 7
68726 10 15 7
32761 10 15 7
4794 6 7 4
18542 13 19 8
32915 15 18 8
20007 6 11 6
64800 8 15 8
19614 9 12 5
50852 8 18 9
98484 4 11 6
54693 7 15 7
4487 -2 9 7
69882 0 6 5
30335 15 18 7
49041 8 8 3
66833 -1 11 8
69570 5 13 8
15239 10 16 8
12643 3 11 7
12932 0 9 5
51766 16 16 6
56443 11 19 9
81465 -8 3 6
55444 9 18 8
95981 4 11 7
80658 3 11 7
97929 3 10 6
90594 3 14 9
42493 6 11 7
7824 10 17 6
6445 26 26 8
46777 -4 6 7
33461 2 5 4
72946 -2 8 7
92084 -2 9 8
30805 1 7 5
74187 2 9 7
42275 7 15 8
95574 4 15 9
34750 9 13 6
8252 21 23 9
69803 16 22 9
45304 1 11 8
35138 8 13 6
87107 14 18 8
83886 3 10 6
51698 5 15 8
52242 -1 6 5
75007 2 12 7
1739 -2 5 5
15635 11 14 7
99157 9 17 8
16161 8 19 10
55620 2 13 8
78892 18 24 10
63345 15 20 9
97955 10 12 5
57829 -18 6 10
17408 16 16 6
95707 1 9 5
89525 13 13 4
97243 17 17 7
66991 12 12 6
34465 3 8 6
871 17 23 9
32280 17 19 8
96058 5 10 6
39277 0 5 4
91904 17 22 9
29471 22 25 9
79368 5 10 6
77158 -9 7 8
32749 13 17 8
56080 10 15 7
51606 0 9 6
159 15 15 6
76607 3 9 6
31313 3 12 8
39345 12 17 8
31877 0 11 8
94612 17 22 8
52156 -4 7 7
75240 21 25 9
47734 -6 10 9
62590 6 13 7
740 14 14 6
32664 7 16 9
25844 13 20 9
54683 10 16 7
63286 -9 7 8
82160 15 20 9
60324 8 15 7
15804 12 12 6
91430 13 18 8
46208 5 11 7
82118 8 12 6
75056 8 15 8
57521 16 16 5
72725 -12 2 5
33252 4 13 8
5037 4 12 8
71567 16 16 7
90094 -2 14 10
16415 10 13 7
82972 -9 4 6
59080 3 10 6
66347 5 13 8
75921 -1 11 8
67571 19 23 9
82565 12 12 6
4494 4 12 8
53965 22 22 8
20142 22 26 10
44021 11 18 9
31663 -13 7 8
84909 3 9 6
96355 10 17 8
78409 6 12 7
55029 -2 10 7
95510 2 8 6
82151 -2 7 6
72310 11 12 6
53794 8 13 7
48663 10 13 7
63757 8 8 4
91522 17 17 7
37400 11 15 7
52135 -4 13 10
76566 16 23 10
28723 4 11 7
27612 20 20 7
72589 15 15 6
50927 5 14 8
65058 20 21 7
51577 7 14 7
97861 7 9 5
63280 -3 12 9
50511 13 17 8
20250 -6 12 10
501 6 14 7
77611 5 12 7
86751 0 10 7
88178 0 11 8
57890 11 11 4
15621 8 15 8
35848 10 10 4
89548 15 17 7
6961 -3 6 6
77620 3 10 7
22730 25 25 9
23050 8 17 8
70299 0 8 5
82482 9 16 7
86703 6 9 5
44993 3 12 7
56599 0 11 7
71951 10 13 7
31071 4 9 6
32196 0 10 7
27236 21 21 7
34094 19 20 8
4138 5 12 7
8169 21 21 8
42300 2 10 7
41916 12 16 6
16405 1 12 8
28501 4 13 7
75050 3 15 9
80982 11 17 7
5236 1 9 7
15910 -11 6 8
92557 -4 4 5
54991 -1 7 6
88181 11 16 8
25864 14 18 8
91658 -4 5 5
65474 11 16 8
36495 11 17 8
71936 16 20 8
69444 16 19 7
28743 24 26 9
17255 15 20 8
6051 1 9 6
7333 6 10 5
69596 5 11 6
61847 9 17 9
2412 11 15 7
91622 12 18 8
41669 12 16 7
20987 26 26 9
5329 12 15 6
61361 -2 13 9
76979 -4 11 9
68053 16 21 9
94959 -3 7 6
11738 8 17 9
30396 7 12 6
18935 2 8 6
71009 5 15 9
36890 -12 6 8
42690 -6 7 7
65271 17 21 9
78340 12 17 8
80515 4 15 9
73623 0 9 7
18220 -4 11 8
90106 3 10 7
2759 8 15 7
78440 -6 6 7
80120 -5 8 8
83533 -9 8 8
86433 14 15 6
81286 5 10 5
85898 -4 8 7
56307 9 15 8
2954 -11 2 5
97598 10 17 7
11898 7 15 8
85208 7 15 7
2003 5 15 7
52817 2 8 5
58155 11 11 4
29960 5 12 7
62144 -11 1 5
34884 5 9 5
49211 7 11 6
97660 -7 8 8
83290 0 12 8
31751 2 6 3
25581 8 15 7
15254 11 11 4
64273 -2 6 5
79643 2 11 7
64053 12 14 5
52484 -3 8 7
63913 12 19 9
70463 6 14 8
55038 -2 10 8
35472 -6 11 9
24983 7 13 7
30533 16 16 7
81832 -9 4 6
9255 6 13 7
5857 2 9 5
91686 4 10 6
90973 7 15 8
21616 7 13 7
6771 8 14 7
57402 1 9 6
74827 7 8 4
34270 11 16 8
8507 -6 7 6
51662 5 9 6
11975 10 10 5
99911 10 19 9
82389 12 15 6
95084 -4 8 7
3702 7 15 8
94322 16 21 9
66799 3 14 9
79475 5 14 8
20228 5 12 7
69940 18 18 7
97723 -8 10 9
86734 -1 12 8
42628 -10 4 5
82420 -2 14 10
99060 11 13 6
21573 4 5 3
57598 6 11 6
77802 11 17 8
45773 14 20 9
79844 20 20 6
38359 4 11 7
39839 6 16 9
25292 4 12 7
37865 4 11 7
98846 13 13 5
52823 1 14 9
96982 6 12 6
5785 9 15 7
66079 -4 9 7
31346 23 26 9
75657 1 5 4
39008 10 12 6
2267 6 11 5
74885 14 19 8
76860 -7 2 5
16620 -7 9 9
81851 1 10 7
56228 0 10 7
93508 -1 12 9
26692 19 19 7
84972 11 16 8
4910 -3 6 5
27781 7 14 8
83173 1 10 7
535 6 9 5
19183 8 14 7
61249 -2 7 6
71642 0 13 9
27694 1 13 8
83828 19 19 6
14359 -2 5 5
40976 -6 9 8
81822 -8 9 8
16096 15 20 9
40232 18 18 6
87064 -7 7 8
70055 0 7 6
29409 2 12 7
83763 2 13 8
65273 5 10 6
6599 2 14 9
97153 2 10 7
23506 7 11 6
92095 -12 5 8
92587 6 6 3
96510 -2 10 8
14227 12 19 9
53228 3 12 7
91149 17 19 8
64326 0 11 8
5877 -6 5 6
10789 -12 9 10
60024 3 12 8
27364 14 19 8
53016 0 12 8
88912 1 9 6
74161 -10 3 4
61869 5 10 6
65225 8 11 5
13015 17 17 7
70261 7 17 9
76532 13 18 8
5855 1 9 6
28475 9 13 5
44070 20 21 7
20438 1 8 6
8465 -14 5 7
91282 4 13 7
67028 -3 4 5
73486 -1 8 5
58591 2 9 6
50246 14 16 7
35406 2 10 6
2613 9 9 4
80720 6 13 6
18254 11 15 7
29038 -3 10 8
95816 9 15 8
6321 18 21 7
14322 12 17 7
8371 7 12 6
18372 16 16 6
6006 -3 11 8
72624 4 16 9
75014 5 10 5
69785 3 15 8
55016 1 6 5
68841 9 14 7
57995 -3 9 7
88742 12 12 6
23590 19 19 7
10025 14 19 7
72658 -3 10 8
74084 -4 3 4
35217 6 17 9
76824 12 18 8
83765 13 18 7
49516 19 19 6
21126 9 13 6
83025 2 11 8
61830 -2 6 6
42862 11 16 6
7369 8 15 8
96827 3 12 7
82153 8 13 7
74785 11 13 6
70064 7 14 8
48082 15 20 9
78991 6 15 8
52177 -1 13 9
78285 6 6 4
29602 -5 10 8
61541 -11 6 8
7280 1 10 7
20626 10 16 8
23642 9 18 9
16007 7 7 3
51919 10 20 10
83090 11 18 9
30017 2 9 6
90850 4 11 7
23305 15 17 7
40287 -4 8 7
50192 2 11 7
86333 12 14 7
89319 -1 7 6
83635 -12 2 6
78470 17 17 6
45650 -5 11 9
31341 19 19 7
71770 7 13 7
24260 14 18 8
10779 6 9 5
39818 12 18 8
37003 1 6 4
77901 6 11 6
97436 2 9 6
42125 8 8 4
70164 18 22 9
46144 17 19 7
65525 22 22 8
56209 -1 9 7
57479 10 15 7
59496 -12 5 7
52839 6 15 8
45843 12 12 6
5282 0 11 7
42541 15 15 6
8746 14 19 8
58537 16 16 6
63853 6 18 10
31329 -1 9 7
45403 9 14 6
65312 12 19 9
79979 20 22 8
28875 -1 10 7
12685 -8 5 7
74916 1 11 5
82921 0 10 7
41912 -11 7 9
17947 7 13 6
39549 0 9 7
6335 5 15 9
16223 7 12 7
4885 6 16 8
43029 7 13 7
22838 15 18 8
91375 7 9 5
10889 -3 10 7
89886 14 14 6
57294 13 17 8
6915 11 13 5
76585 -2 12 9
27948 12 17 7
32180 3 12 7
10400 6 14 7
37468 2 12 7
61450 -5 7 7
76654 5 15 7
810 4 10 7
6252 7 10 5
59727 22 26 10
80856 13 13 5
22257 3 11 6
77373 11 16 8
25889 7 14 7
863 11 15 7
6133 1 11 6
96147 5 12 7
65462 15 15 6
40751 8 10 4
25136 -5 5 6
58706 10 10 5
33246 -5 9 6
27221 6 17 9
3381 4 6 4
93859 22 22 7
82768 -7 3 5
82296 -6 9 8
17102 -6 11 9
80747 13 17 7
61144 1 10 6
47942 9 17 9
16408 5 13 7
8416 1 10 7
57481 -1 10 7
71120 -12 5 8
71277 -2 10 8
7952 3 12 6
29490 -6 7 6
2853 8 15 7
97617 4 9 5
17491 6 12 6
87392 -1 4 4
80714 3 8 5
76978 8 12 7
15261 -6 6 7
59958 9 15 7
90326 12 14 6
98224 11 14 5
9113 8 17 9
92533 2 11 8
82842 -2 5 5
72902 0 9 5
12953 1 13 8
31400 18 18 7
57083 11 15 7
40496 14 18 8
69244 14 18 8
45794 1 12 8
82404 15 20 9
58481 -1 12 9
22380 11 14 7
95958 9 17 9
89161 19 22 8
28595 7 14 8
1324 6 11 6
799 5 6 4
37978 1 6 4
94157 9 14 7
49284 2 9 6
68554 -12 1 6
50979 -9 5 7
71786 0 12 8
49612 6 16 9
98299 12 17 7
9345 -3 5 5
96723 -7 9 9
96468 7 12 7
34258 -11 7 8
96127 13 13 5
92118 21 21 7
65899 0 3 3
56524 2 5 4
68923 0 8 6
98422 4 8 6
38282 14 14 5
12200 2 16 10
42416 16 18 8
85295 16 16 6
18030 20 20 7
50955 3 8 5
80240 4 12 7
3203 -4 9 8
68819 -5 8 8
66818 3 14 8
58356 -11 6 7
52254 -5 8 7
4386 1 11 7
63754 13 18 7
92027 13 19 8
58856 11 14 6
1592 3 8 6
4592 4 11 7
61390 14 19 7
74539 -12 3 6
92278 5 12 6
8053 -9 2 5
73360 18 22 7
1329 3 14 8
64387 20 20 7
99570 16 20 8
35249 4 14 8
21409 8 18 9
81323 25 25 8
79651 6 17 9
60455 2 6 4
4679 4 7 5
28730 10 20 10
74692 16 20 8
88176 19 19 7
46929 3 14 9
97224 6 14 7
34137 -4 11 8
74139 8 14 7
80414 10 15 6
2132 1 9 6
97766 16 19 8
73678 12 16 8
10679 -2 9 7
41894 4 14 7
79018 8 16 8
47829 0 11 8
98426 11 14 6
27096 -3 9 8
76513 6 15 8
6782 5 14 7
48783 21 24 9
22974 14 18 8
44155 -1 10 8
74389 13 20 8
38970 6 11 5
49438 14 22 10
77857 20 20 6
55273 3 12 7
11175 11 14 7
51052 -4 12 8
5064 12 16 7
89189 20 20 7
51687 -1 10 7
45940 3 10 7
89504 9 13 7
73605 7 13 7
99158 4 13 7
18098 -1 9 7
95932 -4 5 6
78345 6 12 7
76951 -4 3 4
25878 -5 2 3
12142 8 12 6
94602 16 21 9
75509 15 20 9
62276 13 21 9
33057 -1 13 9
35093 -3 9 7
18721 20 25 10
97175 -2 10 6
13857 4 12 7
6149 18 21 8
59 13 17 8
17007 15 18 6
98632 12 13 6
83838 9 9 4
77883 9 16 7
49418 -4 6 6
56034 -1 8 6
24202 4 12 6
53040 0 8 5
32898 7 14 8
77328 2 8 5
22785 4 11 7
84500 6 11 6
67326 -4 6 6
5070 2 9 6
5275 -5 3 4
33779 0 11 7
11866 -5 9 6
31414 -4 9 7
50701 20 24 8
42651 12 19 8
78331 2 7 6
84381 13 20 8
39286 10 20 10
15489 -2 8 7
185 -5 11 9
11461 5 12 7
96970 -5 6 6
92195 -4 7 6
95832 22 22 7
44469 10 19 9
15651 21 23 8
40638 6 9 5
53813 24 24 8
77943 6 11 6
20373 -14 3 6
47591 -1 4 3
53541 2 8 6
77923 0 7 4
38266 0 8 6
11248 12 16 7
58389 -4 9 7
74278 1 9 6
28055 7 10 5
14723 12 14 7
8482 10 19 9
48512 15 18 7
61689 -16 0 4
78685 2 9 6
86289 9 16 8
32333 7 9 4
86573 17 17 5
62951 -10 2 6
99316 9 16 8
82892 -1 7 6
63328 12 12 5
56978 14 22 10
34004 10 14 7
94095 1 15 9
75650 13 18 8
38296 16 21 8
93340 1 7 6
28726 -21 3 9
41160 -12 6 8
46020 1 11 7
16349 10 14 7
92126 13 18 8
83322 8 12 6
24044 15 19 8
97887 4 8 5
91887 22 22 8
39672 0 9 7
63744 10 14 7
77053 4 12 8
11616 0 8 6
25858 6 11 6
44392 -4 5 5
71530 4 12 8
51005 8 19 10
42683 17 21 9
3315 11 13 6
31022 4 14 8
80857 22 22 7
10800 5 11 6
64574 16 17 7
93187 2 10 7
85657 1 6 3
3660 7 11 6
1642 9 17 8
18459 9 15 7
59751 3 10 7
4975 11 19 8
71625 -6 8 7
93101 16 21 9
64603 3 7 4
85098 13 18 7
2860 2 10 7
29347 26 26 9
5729 7 14 8
22058 19 19 7
90413 1 11 6
34748 3 9 6
27846 -1 8 6
86505 11 13 6
48715 3 10 7
73737 8 12 7
99983 16 19 7
38364 6 15 8
48466 4 10 6
29687 13 16 7
88085 -7 6 7
23304 16 16 6
8870 6 9 5
78208 10 18 9
43721 -1 4 4
75061 8 15 7
41169 0 12 8
50988 7 15 8
64598 4 17 10
65229 2 9 5
26757 -3 3 3
22441 7 15 8
84277 7 7 4
81053 -3 7 6
87854 21 21 8
92009 -5 5 5
92681 -3 6 5
58278 -6 10 8
2038 9 14 6
71733 6 13 7
53753 2 9 6
98983 8 12 6
13946 -7 9 8
13734 4 12 7
47196 -6 7 8
63666 9 16 8
83143 4 11 7
52427 -1 12 8
76367 15 19 8
71661 11 15 7
78255 2 6 3
41452 9 14 7
5459 -11 6 8
91932 6 9 5
55124 18 22 9
78811 -4 7 6
38088 -6 6 6
72582 17 17 6
12817 9 13 7
22692 6 8 5
96305 2 12 7
1040 8 12 5
78787 12 18 8
98801 15 15 6
6587 4 12 8
10377 6 10 5
29261 8 15 7
95954 -1 8 6
65123 14 17 6
36640 5 9 6
1675 22 24 9
39227 13 13 5
24255 18 21 7
82685 11 18 7
29047 4 6 4
18705 -4 4 5
90555 22 22 7
57420 -8 7 7
16617 8 13 7
92868 10 12 6
24069 -2 7 6
79517 14 17 7
51485 2 12 7
12404 22 22 7
57246 7 12 7
73274 1 8 5
53104 7 17 9
66874 0 11 8
25979 -4 9 7
96537 8 17 9
61683 -10 6 8
39759 3 7 5
7004 14 19 7
77625 13 18 8
41665 16 16 6
19625 4 13 6
60989 9 15 7
36087 6 8 5
91224 0 13 8
18861 -11 2 5
64846 6 16 8
92262 13 17 7
22460 -8 8 8
61384 12 21 10
38058 9 15 7
34855 9 17 8
31412 13 14 5
4047 7 12 6
26440 7 7 4
85831 3 9 6
43056 7 16 8
13135 6 16 9
66501 12 17 7
62785 -2 9 7
73697 11 14 7
53234 4 7 4
9007 22 22 8
96613 21 21 7
71477 -1 9 7
28650 20 20 7
63721 7 18 9
84153 7 14 7
3843 3 12 8
13275 6 14 8
1360 17 19 8
15555 11 15 6
67493 -2 11 8
69067 15 15 5
34308 11 16 7
45399 15 19 8
48031 0 15 10
49154 18 18 6
3696 25 25 8
93624 6 13 7
25475 18 18 6
8950 16 16 6
74318 11 17 8
36298 -3 8 6
24049 8 14 7
96532 13 15 6
11943 1 13 8
26145 16 22 9
85209 -10 7 7
42741 25 25 8
73978 14 15 6
14668 18 18 7
682 -2 9 7
70948 17 21 9
55126 3 13 7
35940 -6 7 7
92810 9 13 6
71273 1 9 6
39352 10 15 8
28044 -4 9 8
45153 -5 12 9
57272 16 23 10
54669 12 17 7
23108 6 14 8
15285 11 18 9
86872 -7 7 8
37597 7 10 6
17419 -7 5 7
39616 2 16 10
44740 0 9 7
13041 14 22 10
74254 15 22 9
54103 13 13 6
23497 -13 6 9
56681 12 16 7
54503 15 18 8
83893 17 17 5
51758 5 14 8
57012 -4 11 9
16915 3 14 8
92985 7 16 8
52219 20 20 7
86369 -1 7 5
38691 3 11 7
38438 -12 5 8
69277 8 12 5
70964 17 17 6
90041 0 9 7
78929 7 14 8
81022 -7 6 5
95439 -1 13 9
54545 2 11 7
23376 2 12 7
3044 8 11 6
58931 11 12 4
47805 3 13 7
33363 13 17 8
53781 8 17 9
22636 3 8 5
73461 4 11 7
9427 12 15 7
63457 -2 7 6
40706 6 15 8
93328 14 17 8
46857 -5 6 6
40777 1 14 8
31671 8 12 6
80198 9 14 7
70755 3 10 7
68273 7 14 7
9988 24 24 8
48675 9 9 4
62823 7 13 7
18956 6 11 6
51279 8 19 10
12360 -4 8 7
34221 5 8 5
74510 0 10 7
26337 7 15 8
14195 13 13 6
24477 16 21 9
18656 7 12 7
91921 -7 6 7
44563 5 14 8
70987 6 14 8
26829 -1 13 9
16713 15 18 8
46176 5 9 6
55909 1 14 8
30925 10 12 6
31797 4 10 6
27207 -10 4 6
95561 5 15 8
1587 4 9 5
13871 7 12 6
71316 0 9 7
64981 2 12 7
37888 14 16 7
51529 12 14 6
4654 1 6 4
63194 -3 7 7
30188 16 18 7
29893 17 20 8
26848 7 17 9
69484 3 11 6
83312 -5 8 7
31504 20 24 9
79698 4 11 7
18183 -4 11 9
23923 -3 6 6
14450 0 9 7
64518 7 7 4
16947 11 11 5
15794 19 19 7
19272 13 13 6
74970 2 11 7
29382 5 9 6
45853 21 21 8
25589 9 16 8
92274 8 9 5
77710 -5 11 8
60903 -5 10 8
88316 11 15 6
96123 -2 12 8
20186 1 14 9
69915 7 16 7
43567 9 13 6
73 4 11 6
66873 -1 5 5
46675 -3 11 9
59570 -5 10 8
37163 -2 11 8
99146 12 18 8
9373 19 21 8
91478 4 11 7
45728 15 19 8
33060 0 9 5
6680 9 13 7
24274 -12 5 6
11311 -4 6 7
62626 -9 7 7
80346 4 13 7
70221 0 9 6
2995 7 11 6
28627 4 7 5
51951 6 12 7
85628 5 16 9
96717 -7 7 8
49277 12 12 5
85292 -5 4 6
64623 11 17 8
34518 -2 7 5
59821 -1 9 7
37056 6 14 8
28568 -3 8 7
24814 8 12 6
47692 11 16 8
52667 6 15 8
18914 9 14 6
91178 -3 4 5
34916 -2 8 6
44715 -10 7 8
92292 1 8 5
82062 6 10 5
69188 -3 7 6
1709 1 11 6
67875 15 20 8
47706 18 18 6
45907 23 23 8
42404 -4 3 5
90970 6 10 4
12966 6 13 7
30851 -9 6 7
946 6 16 9
6364 -1 11 8
58035 11 18 9
76509 4 14 8
87326 -12 7 8
18435 -15 4 6
52623 2 14 7
92499 3 13 7
98814 -5 7 6
47754 -2 12 8
27388 -1 14 9
91470 20 20 7
41149 22 22 7
99967 1 9 7
46635 6 12 5
43170 -5 9 8
52751 0 9 7
44906 0 10 7
77391 9 14 7
1666 15 20 9
73749 8 13 6
26187 2 11 6
48689 5 13 8
21313 11 16 8
34923 -6 10 9
14573 -1 10 8
84677 1 12 7
19668 6 15 8
27005 -3 10 7
88495 -10 5 7
34598 2 13 7
53729 1 13 8
57350 -6 9 8
54211 3 14 9
87153 -9 6 8
36933 2 6 4
78935 9 9 4
74027 15 18 8
62572 -4 6 6
85346 4 6 3
50159 3 12 8
51856 3 9 6
7734 7 11 6
20340 12 17 7
5100 23 24 9
17009 -1 12 8
65311 -12 4 6
50422 7 14 7
36069 1 8 5
17501 17 22 9
83002 -9 10 9
54618 1 6 5
99948 5 16 9
91414 8 15 7
50801 18 18 7
91438 16 16 6
94387 -12 4 6
83967 14 18 8
97489 7 15 8
30548 8 13 7
78945 -3 12 9
97507 8 13 6
396 7 12 5
34366 7 7 4
37338 12 17 7
57868 0 7 6
4836 4 9 6
58491 8 13 7
65783 6 16 8
75656 12 14 6
24400 5 15 8
60462 8 13 7
54124 5 10 5
81817 -5 8 7
5745 4 16 9
7196 8 14 8
55186 11 16 6
85114 7 10 5
94620 14 15 6
94616 9 13 5
15499 18 18 7
68395 10 15 7
55172 7 12 6
41135 10 15 7
69262 1 10 7
79206 1 12 8
60021 -6 6 7
8989 8 14 7
98167 7 11 6
213 6 11 7
63966 6 12 7
34360 15 15 6
85506 1 13 9
41232 9 14 7
43189 -3 7 6
22591 6 11 6
64552 3 12 7
37348 -3 11 8
3174 9 17 9
675 14 15 6
24649 3 7 5
99 8 12 6
36258 5 13 7
55379 10 15 7
9027 17 17 7
16837 -1 12 7
82909 17 17 7
22983 11 15 7
22547 11 17 8
96039 16 16 5
32691 7 14 8
69130 -7 1 3
93303 7 16 9
23260 19 19 6
6884 -5 8 8
72498 16 19 8
9120 2 14 9
94703 10 18 8
94667 9 16 8
91607 7 15 7
74108 13 19 9
5622 4 10 6
2211 20 20 7
40969 12 21 10
33139 9 13 7
5980 22 24 9
91850 0 10 8
87312 0 10 7
45218 -6 10 8
89875 22 23 8
1583 -5 9 8
81149 -1 5 5
96718 5 8 5
51362 -2 11 8
82556 13 17 7
36956 1 8 6
85299 0 15 10
1278 2 9 6
62893 10 13 7
64415 9 13 7
82310 -9 4 5
42613 1 10 6
2023 4 9 5
31262 7 11 6
15331 8 13 7
88234 15 15 5
60180 7 16 9
89338 22 22 7
43986 16 23 10
4076 11 16 8
12541 12 16 8
59930 12 18 8
4841 9 14 6
57081 6 6 3
1191 6 11 5
7013 2 13 8
37207 -10 5 7
52379 -7 5 6
636 7 10 5
35803 -3 8 6
89803 21 21 7
1710 6 11 6
32912 6 12 7
91848 16 20 8
46104 0 10 8
44592 -7 6 6
51623 3 12 7
59363 26 26 9
22041 17 18 7
46934 21 21 8
60366 7 18 9
24026 20 20 7
65262 16 23 10
28346 10 15 7
82446 -6 7 7
74672 8 12 6
22827 16 19 7
49849 3 11 7
29122 14 22 10
69623 12 21 10
72642 6 16 8
50221 -8 2 4
95000 11 17 8
90338 12 16 7
38340 6 6 2
171 3 10 6
89205 -4 8 6
72932 1 4 4
52759 5 15 9
37410 5 16 8
522 4 13 7
21121 -2 11 8
16 -4 10 8
61409 -1 10 7
58026 11 16 7
65041 9 15 7
29626 -4 10 8
95103 18 18 6
1082 -5 4 4
63592 -5 7 7
67860 3 12 8
18313 -18 4 9
45928 7 11 5
66180 7 12 6
79272 1 11 7
52818 4 13 8
35908 8 11 6
31392 4 16 9
50003 21 21 6
40970 3 10 6
75762 -3 9 8
69310 19 20 7
68214 7 18 9
2972 -1 12 9
60434 19 22 9
4445 -2 7 5
63285 -2 7 6
30165 9 16 8
56265 15 15 6
30901 5 15 9
66893 -2 9 8
31193 9 13 6
57215 13 19 8
44381 19 19 6
66042 15 21 9
52263 13 17 8
88317 -2 6 4
66359 6 10 5
91969 2 10 7
31546 26 27 9
13006 -8 11 10
64257 8 10 5
52050 13 17 6
61061 7 16 9
57976 10 13 5
30824 12 15 6
34435 15 18 8
25780 -1 13 9
10398 -2 12 9
12691 9 15 7
6692 13 17 8
27493 8 13 6
78562 16 19 7
42496 8 17 9
2993 11 16 7
86173 -1 11 7
12459 20 25 10
21371 2 9 7
43145 7 15 8
72070 -10 4 6
24160 -1 5 5
43378 11 11 5
96102 8 13 7
67693 5 13 7
98785 3 11 6
12847 -18 3 7
34331 8 14 7
1077 10 12 6
94819 -9 8 8
71516 -4 6 5
56414 -12 4 7
25652 15 18 7
82606 17 21 9
38098 16 20 8
9513 11 16 7
40248 5 9 5
7750 16 20 7
57999 5 13 8
88030 17 20 8
76684 4 6 4
79887 -2 10 7
2699 13 16 7
55809 14 18 8
16135 10 15 7
97488 26 26 9
15987 15 15 6
89408 -4 10 8
3218 12 16 8
68858 18 21 8
90612 -5 7 7
52154 -6 9 8
50856 0 13 8
11293 -6 9 8
76283 15 21 9
42533 -9 7 8
8242 2 11 7
90452 7 15 6
66837 1 10 5
85524 6 15 8
47670 11 11 5
16243 3 10 7
31932 8 19 10
87883 23 23 8
28591 16 16 7
192 -7 8 8
9699 18 18 6
51249 20 20 8
78041 14 18 8
24372 2 7 4
81446 10 13 7
21515 -2 6 6
72480 26 26 8
82365 -8 6 6
14663 10 18 9
79249 13 13 5
11513 -3 7 6
17196 7 16 8
67159 -3 4 4
55889 7 14 7
72076 -4 8 7
44797 -2 12 9
63965 3 8 5
80568 16 16 6
22366 1 8 6
30734 8 11 6
13954 -12 4 7
9352 5 11 6
84850 6 14 7
78697 2 11 6
81109 1 11 8
26305 15 20 8
64700 10 18 9
16244 8 12 6
41523 -2 9 7
32264 13 19 9
72957 27 28 9
23103 5 14 8
98966 11 14 5
40064 6 10 5
95737 9 13 7
83224 -4 8 8
24297 5 11 6
7853 4 9 5
91111 11 14 6
34993 15 16 6
62578 16 18 7
51914 -4 6 5
84113 10 13 7
68287 6 15 8
34401 -1 8 6
62218 2 10 6
48432 -6 6 7
66331 7 7 4
86902 -1 10 8
87007 -2 9 7
25785 18 20 8
91211 12 17 8
98954 -3 5 4
6616 18 22 9
96364 22 26 10
33446 8 17 9
86919 2 7 6
64559 13 20 9
52604 -2 10 7
74327 10 14 7
59728 -1 4 5
66834 8 15 8
95130 3 11 6
60202 13 20 9
97365 3 8 5
57211 14 22 10
32460 16 18 7
73353 12 12 4
94704 14 19 8
72005 11 16 8
33225 5 17 9
56668 10 14 7
38383 14 20 9
4716 1 9 7
88848 -6 9 8
31765 2 11 7
92300 10 16 7
23268 5 12 7
27744 6 15 7
49767 17 21 9
59434 4 11 6
86613 3 10 5
95086 4 12 7
35975 0 12 8
72783 4 10 6
11963 -9 9 9
85867 -9 7 7
71243 -3 9 7
51275 -6 6 7
58722 10 19 9
44683 2 12 7
16247 2 14 8
71706 9 17 9
19360 15 20 8
90068 20 20 7
32418 6 11 7
41921 5 10 5
96081 4 10 7
99825 18 18 7
76222 7 13 7
39164 1 6 4
56760 14 21 9
27082 -9 5 6
21901 13 18 7
74610 21 21 7
71835 12 17 7
26176 13 13 4
89306 25 25 9
93212 -3 10 8
24943 0 12 7
71934 11 16 7
50437 -3 9 8
26442 19 21 8
39491 -2 6 4
33710 12 16 7
80672 -8 5 7
49801 -6 9 8
54127 9 15 6
93589 2 10 6
533 2 9 4
58939 11 15 7
77313 15 15 6
98619 6 16 9
85116 9 16 8
5147 -2 10 7
43935 10 10 4
90623 13 18 8
76658 7 12 6
65625 16 21 8
14579 4 15 9
31563 2 11 7
37618 0 4 4
45409 13 18 8
99859 27 27 8
88068 6 17 9
76368 17 17 6
81305 15 19 8
45568 -2 7 6
30343 13 18 8
12663 7 15 7
47452 -7 9 9
84266 -7 5 7
66035 10 13 6
29336 6 14 8
85879 -1 9 7
97375 0 7 6
38566 3 9 6
35347 -2 10 8
26566 0 12 8
8536 7 7 4
48474 12 17 8
29726 -2 10 7
71450 15 16 6
80225 6 13 7
80563 -1 13 9
74037 4 11 7
63002 3 15 9
35192 -4 5 6
20360 24 24 8
58716 3 9 6
43226 7 15 8
66975 -2 7 7
63141 2 13 8
36284 0 8 6
10642 -3 11 8
4004 -3 9 7
19833 13 17 7
91483 17 20 7
72375 15 20 9
46509 6 18 10
98931 -2 5 5
31489 2 9 6
19039 -1 10 7
48384 5 10 4
1830 3 9 6
83932 7 11 5
80095 4 12 7
64915 3 9 5
41069 -5 10 9
20945 18 18 6
99011 5 12 6
37215 11 11 4
40680 3 14 8
34907 -2 9 7
44860 10 15 7
69408 6 10 6
62282 1 11 7
73119 4 14 8
42176 26 26 8
14510 3 12 8
30783 17 17 5
57943 2 10 6
8902 28 28 9
63926 -1 7 6
54756 9 19 9
42179 9 16 8
16221 9 15 8
97378 1 9 6
30070 10 14 6
57786 19 20 8
30834 9 14 6
60291 10 14 6
25076 6 9 5
58890 8 13 7
77186 6 15 8
90916 3 12 8
3922 -14 8 10
92121 7 16 9
75301 -4 5 6
2140 8 16 7
16352 1 14 9
66646 9 15 8
29284 3 14 9
88045 8 12 7
75592 -9 5 6
96327 12 12 5
20997 25 25 9
83368 14 20 9
27213 15 19 8
11760 3 8 6
8288 2 7 4
6357 14 19 8
39094 8 17 8
37265 12 14 7
61990 6 14 8
59760 6 14 8
13913 1 10 6
9187 0 13 9
61938 11 17 8
9906 -13 8 9
26134 9 14 7
75748 14 16 6
70020 14 14 6
88038 4 10 6
94093 -5 4 5
54420 3 10 7
8596 17 17 6
87913 4 12 7
66787 19 22 9
30485 -3 12 9
26002 -2 8 7
21488 8 13 7
88580 -4 5 6
8246 4 12 7
3348 14 14 4
77828 -12 4 7
97813 8 13 7
62972 7 12 7
16445 10 13 7
30921 -5 6 5
48958 2 10 7
82837 -3 6 5
99554 3 9 6
99197 13 15 7
58397 0 7 5
39192 6 12 6
41182 -1 14 9
61580 4 13 8
47331 18 18 7
79520 15 16 7
14577 10 14 6
69094 -2 8 6
52627 4 10 7
76124 6 8 5
80776 -8 8 8
62317 -2 10 8
33668 5 14 8
24879 16 16 7
5313 9 14 7
92078 29 29 9
13891 -8 7 8
28454 3 10 6
12063 9 14 6
23495 7 7 3
78894 21 23 8
91656 2 11 7
41770 1 9 6
98066 10 17 8
12639 -8 7 8
87682 -3 12 9
10224 3 12 7
35559 2 13 8
5412 14 14 6
7652 -2 8 7
290 3 11 7
20362 15 15 6
13737 -4 6 6
28203 -2 9 7
95107 18 18 7
7878 9 12 6
15209 -6 7 7
90051 7 12 6
65752 3 10 7
95349 2 10 6
39598 -4 6 6
77069 14 19 8
10409 5 14 8
44038 7 12 5
13756 -2 11 7
41870 9 17 9
28965 4 9 5
65048 -6 10 9
40837 -7 6 7
49785 16 16 6
57197 1 13 8
46426 2 11 7
35676 23 23 8
50516 -4 13 10
74092 -1 10 8
8340 1 8 6
22715 8 13 7
26660 5 12 5
20833 14 14 5
61194 1 5 4
51742 -5 8 7
20178 18 21 8
77441 14 17 8
80284 -13 3 5
1339 13 16 7
54347 -2 8 6
83185 8 8 4
12403 11 13 6
10172 8 17 9
33493 -3 10 8
45957 17 17 6
67051 10 16 8
3961 -3 4 5
44112 -5 7 7
46995 3 11 6
70618 0 12 8
91355 13 15 6
92226 13 19 9
76205 17 19 8
26396 -7 9 9
36230 13 18 7
59161 -11 4 7
26116 8 12 7
57867 2 9 5
51909 10 15 7
23529 8 13 7
16965 11 13 6
67226 14 18 8
54113 13 17 8
89355 0 13 9
43319 15 18 7
90948 2 9 6
51120 1 15 9
41229 6 11 6
74962 6 15 8
65158 2 6 4
25912 -1 9 6
93240 10 14 7
20627 1 10 7
98199 5 9 6
1096 7 14 8
65937 -9 3 5
37716 -4 9 7
64604 11 18 9
72364 -13 4 7
30675 6 13 7
18225 0 9 7
3739 8 11 6
69846 5 10 6
43634 -1 7 5
50969 -1 11 8
9925 16 23 10
54149 9 17 8
70284 0 9 6
76983 -12 5 7
8439 2 14 9
73727 4 15 9
42156 4 10 6
35307 0 8 7
71574 7 12 6
98854 12 14 7
66223 -7 8 8
79657 -1 11 8
54378 -3 10 8
41737 9 9 5
15438 9 12 6
34142 9 14 7
47314 9 13 6
52186 10 19 9
26802 16 16 6
42131 -2 7 6
1813 4 9 6
47023 -3 5 5
38154 -8 6 6
45585 0 8 7
91205 9 13 6
17322 3 12 7
74017 -3 11 8
50110 16 16 7
85706 17 19 7
46029 19 19 6
51037 3 7 5
80901 7 12 5
16770 -1 11 7
72391 7 9 5
38816 12 15 7
96560 5 13 7
88227 -1 6 6
62962 2 11 8
818 4 12 6
17573 2 10 6
49287 5 13 6
99777 2 14 9
40635 5 9 6
57370 11 11 5
71238 2 12 8
7200 7 12 7
2130 -15 3 8
3369 11 12 5
5182 18 21 8
4987 1 9 6
9318 14 16 7
48247 5 17 9
1466 15 15 6
70445 12 18 8
18987 7 7 3
34232 1 10 7
60963 11 16 6
59733 22 22 8
69690 7 11 6
27885 -4 12 9
26780 12 15 6
63527 18 18 7
69036 12 15 7
68705 15 18 8
70819 2 11 7
23051 14 18 7
63990 9 14 5
86871 7 14 7
31691 2 11 8
97938 2 6 4
95987 -4 9 8
44846 13 13 5
63578 0 5 4
27595 -8 7 7
35132 13 15 7
51596 19 19 6
82867 -4 11 9
46188 16 18 7
12638 3 8 5
6205 12 17 8
24867 26 26 9
74366 2 16 10
40350 2 10 6
89729 10 18 9
71660 3 14 9
39864 18 19 6
17728 13 20 8
90312 -2 13 9
72217 4 5 3
81661 -9 8 8
82115 0 11 7
43813 10 16 8
92510 1 10 7
42884 15 15 5
12978 9 18 9
31791 -1 10 8
68958 -5 10 9
69503 -4 7 6
81083 0 6 4
90777 11 20 9
57634 10 15 8
78069 -3 7 6
62562 7 14 8
40560 3 15 8
51325 15 20 7
37748 10 16 8
59555 -5 7 7
62411 9 13 7
14171 10 15 6
19328 7 12 6
89798 10 17 8
66102 19 24 9
7208 11 11 5
69913 7 11 5
88083 -1 7 6
97597 -2 10 8
74010 15 15 6
44331 5 12 7
3625 4 13 7
53389 17 21 8
98794 19 19 7
36643 4 13 7
28879 -15 6 9
87090 4 13 7
77715 15 19 8
26653 10 15 7
31745 17 20 8
9386 21 21 7
71749 3 13 8
99036 13 18 8
34088 -7 2 5
8289 16 17 7
86434 2 16 10
60529 -1 7 6
71275 7 9 5
63732 11 17 7
67149 5 9 5
79917 9 17 9
30490 8 15 8
40469 4 12 7
9954 -6 6 7
11840 10 13 7
98125 13 17 8
42157 -9 8 8
96360 16 17 6
48978 10 20 10
62507 16 17 7
81816 9 9 4
42065 3 11 7
78624 2 9 5
89724 -11 9 9
47606 16 21 9
79609 12 14 6
4828 -2 9 7
60431 9 12 6
73012 20 22 8
56162 13 17 8
80396 17 20 8
62609 2 12 7
29398 10 14 7
13591 6 15 7
31623 10 20 10
94247 5 12 7
93694 8 13 6
4222 0 8 6
13789 14 20 9
19232 17 22 9
43488 17 17 7
63928 -12 6 8
10879 13 19 9
63902 9 14 5
9915 15 20 9
36897 2 8 5
77905 21 21 7
78478 -6 8 8
33618 6 11 5
87375 1 6 4
32178 -5 11 9
59529 -6 10 9
48787 3 10 7
4824 11 16 7
25308 15 18 7
79377 5 12 7
95960 -3 6 6
60934 3 13 7
74930 10 16 8
16824 23 23 8
71624 -2 11 8
65841 -18 3 8
45649 6 9 6
50930 -3 10 7
43008 5 10 5
3284 1 14 8
75161 6 13 7
46197 -3 6 5
18842 11 16 7
59554 2 12 8
62437 23 23 8
40882 -3 11 8
65135 11 18 9
82181 5 9 4
94190 8 17 9
36078 11 15 7
54903 27 27 8
68921 6 11 6
69757 -18 6 10
8882 13 16 6
88614 26 26 9
95797 -3 6 5
33457 11 12 6
31135 9 17 8
11200 6 16 8
70505 -8 4 6
77136 14 22 10
73184 5 13 8
6510 1 11 7
98687 7 11 6
76333 11 16 8
4195 4 17 10
4492 9 15 7
54833 13 17 7
21133 2 4 4
72061 24 24 8
46903 12 12 4
36638 14 14 5
44441 11 15 6
95114 -4 10 8
99454 12 16 8
91288 9 18 8
96998 19 19 6
48133 16 16 7
62895 13 19 9
55271 9 13 6
77822 3 9 6
86376 21 23 9
93616 1 10 7
34246 10 16 8
78029 5 14 8
77348 10 10 5
29279 -5 6 6
54617 6 9 5
10884 -8 5 6
17834 1 9 6
97557 10 18 9
13974 3 13 8
59326 1 10 5
89353 10 14 7
82006 5 11 6
89164 18 18 6
12005 9 9 4
49622 0 8 7
89964 23 23 8
69320 12 18 8
25953 1 12 8
8637 14 18 7
94255 4 14 8
47052 6 14 6
80910 1 11 7
9304 0 8 6
38338 -5 11 9
16289 0 7 6
20260 2 9 7
50759 16 19 8
35611 9 13 6
27710 -3 4 5
26645 7 10 4
6799 -13 7 8
47463 -16 0 6
31512 14 16 6
22626 14 14 5
81741 4 11 6
68460 9 14 7
35260 9 12 5
29324 2 13 8
47982 -3 10 7
31321 8 13 6
75533 9 16 7
81973 -7 9 9
54447 20 25 10
28855 -9 6 8
11289 3 12 8
94122 -2 6 5
74325 16 16 5
26515 10 17 8
64493 0 6 5
41530 10 20 10
82957 16 21 9
64252 5 10 6
83207 10 13 7
99910 3 13 7
90734 9 16 8
25467 17 21 9
33774 7 12 7
80062 -5 5 6
30572 -6 7 7
68270 6 16 9
34204 13 18 7
63155 7 17 9
18915 23 23 7
80715 8 11 6
83595 9 12 6
87455 1 6 5
35713 7 11 5
69238 3 10 7
49775 0 15 10
60782 8 10 5
5814 -4 8 7
69105 4 11 6
81070 -3 7 5
8584 2 11 7
84998 10 12 6
87285 14 16 7
66005 11 16 8
19775 4 9 5
10222 5 13 7
20092 6 13 8
30539 -10 3 5
22111 15 21 9
37104 19 22 9
61511 5 15 7
75136 0 13 9
39241 11 19 8
63771 26 27 9
86731 2 10 7
81829 3 12 7
70922 2 9 7
41320 -13 6 9
33011 -4 9 7
27240 -6 11 9
68078 14 19 8
67807 13 13 4
91655 15 19 8
66072 0 6 5
51979 -4 9 8
34470 8 13 6
67080 1 10 6
63076 12 18 8
63304 12 16 7
64803 0 10 8
29859 -3 8 6
43275 12 18 8
18504 13 13 5
83788 14 17 8
56188 -13 4 7
86250 9 17 9
71072 6 12 7
33026 6 16 9
39608 21 21 8
48125 8 13 6
26226 -5 8 8
867 3 12 8
44046 9 18 9
25201 20 23 9
76217 2 13 7
84706 9 12 6
82874 -1 7 6
72654 -5 4 5
57947 4 15 9
79925 1 7 6
520 -1 9 7
31284 2 9 6
6263 9 14 6
34987 9 17 9
56614 14 22 10
587 -9 6 7
41850 11 15 7
34413 17 19 8
3848 16 16 6
79171 4 11 6
7506 6 11 7
35759 -6 9 7
1345 15 21 9
89841 3 11 7
54483 20 23 9
50166 -2 8 6
92350 -3 8 7
62475 9 13 7
38398 -6 6 6
41352 18 18 6
15432 7 12 6
5366 -2 13 9
49152 2 7 5
25 8 12 5
91737 -5 6 5
81257 -7 4 6
91426 15 21 9
7311 12 13 6
37281 12 15 7
94506 11 18 8
84206 7 15 7
66009 0 6 5
66768 1 11 7
16196 2 11 7
98446 18 24 10
44528 -2 11 8
29212 2 13 8
56174 11 20 9
21343 5 13 8
11745 -11 1 6
3253 22 22 7
56537 8 12 5
1598 7 17 8
91663 -5 10 8
3426 -5 7 7
22777 10 17 8
11682 -8 5 6
87536 4 12 7
23581 1 13 9
66924 3 9 5
85298 4 9 5
1274 -1 6 5
54368 11 18 9
20418 14 15 6
86220 8 12 6
6324 6 11 6
66154 3 15 9
73799 20 20 7
52025 11 14 7
87133 11 14 7
82349 -2 8 7
61563 6 13 7
73585 4 14 8
27060 9 14 7
54202 6 15 8
1129 15 21 9
27780 1 15 9
52967 7 12 7
25606 12 18 7
82493 2 10 7
16665 19 22 9
59772 10 16 8
60584 -7 9 8
21118 8 13 7
19402 3 10 6
8329 6 13 7
62685 -8 10 9
15070 2 2 2
82045 6 11 7
28648 -4 6 7
21479 3 13 7
6533 5 12 6
38759 1 9 5
56836 10 13 6
99858 -6 6 5
4708 14 17 7
14426 11 12 5
13671 7 12 7
66240 4 11 6
44032 -5 10 9
39355 9 18 9
28904 -3 9 7
70390 7 17 9
81996 2 10 6
33763 7 11 6
44639 15 19 8
75655 0 12 8
10467 -1 9 6
64007 8 13 7
85518 21 21 6
4042 -5 10 8
50553 6 15 8
92577 15 19 8
6264 9 15 7
1863 18 20 7
56594 20 21 7
48773 19 19 7
62825 6 18 10
46118 4 7 4
62787 13 19 9
86249 -3 11 8
87779 -6 6 6
10344 9 13 7
14711 -8 5 6
5404 4 9 4
76091 5 12 7
39993 20 22 8
29783 12 13 6
61663 16 19 8
26317 12 15 6
57581 -10 6 8
24304 0 6 5
97928 14 14 6
47386 18 22 8
17620 0 11 8
27086 6 9 5
55779 1 11 7
5588 10 20 10
10790 1 12 8
99021 5 10 6
67636 10 19 9
60426 14 18 8
3076 -2 12 9
12134 9 13 5
82003 -4 7 7
55686 15 18 7
63808 0 9 5
10615 11 11 5
67499 6 14 8
98028 13 15 7
73475 10 11 5
7537 -3 8 7
44634 15 19 8
96659 0 11 8
57960 -9 7 8
94922 6 16 9
44234 16 16 6
57040 -1 12 8
33206 12 18 8
26825 6 8 4
96048 13 16 7
35425 13 17 8
69920 4 11 7
4265 1 7 5
39013 0 8 5
41323 -4 11 9
29090 4 10 6
69703 -4 6 6
53008 3 8 5
9980 8 12 6
54945 0 9 7
74642 19 22 9
66145 8 17 9
1061 19 19 7
39175 4 15 9
28757 4 11 7
50355 18 18 7
96133 0 14 9
39162 15 20 9
43357 -1 7 6
93866 11 16 8
54853 6 14 8
5081 12 16 8
34504 -6 10 9
98991 -2 12 7
92927 9 19 9
84355 9 16 7
24203 -6 5 6
32080 12 16 7
86064 -19 3 9
70838 -10 7 7
87851 20 20 7
10366 6 13 7
73186 -7 9 9
43396 -2 9 7
48607 14 18 8
43907 16 19 7
51998 15 15 6
41980 3 13 7
50377 27 27 9
71244 13 16 6
28327 1 5 4
94174 4 15 8
53165 11 14 6
9887 18 18 7
87732 9 15 7
29591 2 11 6
76603 -1 9 7
17472 7 12 5
82250 14 19 8
72625 5 14 8
49366 19 23 9
56739 -2 13 9
65137 5 9 5
39584 10 20 10
23427 -1 11 7
76399 1 11 7
75409 23 25 9
26861 6 11 6
94014 16 21 7
20038 1 7 5
77426 4 9 6
62858 1 9 6
50899 7 12 6
98707 9 16 8
47843 3 8 5
87271 16 23 10
77783 16 16 5
30479 19 21 8
75286 22 26 10
30120 11 16 8
16751 12 19 9
62943 11 15 7
3264 6 13 6
56069 21 21 8
36881 17 17 7
44080 10 13 7
68895 12 17 8
25414 13 13 4
32028 4 12 7
88024 17 17 6
7115 1 5 5
88223 16 20 7
56075 14 17 7
87129 7 11 6
18311 2 9 4
78303 9 12 6
64695 6 10 6
5417 2 13 8
45790 6 15 8
37934 13 14 6
59984 24 27 10
26094 7 16 8
68677 11 15 7
50868 5 12 7
72566 -4 9 8
41576 -1 7 6
5192 18 24 10
58879 -4 11 8
2171 -12 5 8
64262 -6 8 7
75233 1 9 7
27663 11 20 9
99173 -3 8 7
17174 8 13 5
14495 -9 7 7
61502 5 9 6
87900 -2 12 9
798 1 11 8
26487 3 11 6
78150 4 12 8
7967 15 20 9
47435 -6 4 6
43814 -8 9 9
87630 10 20 10
16875 17 17 7
25417 9 13 7
76148 11 18 9
10784 8 12 7
38669 0 14 9
74458 18 21 8
62719 7 16 8
79766 -3 6 6
87781 5 8 5
26458 13 19 8
87612 12 12 5
45134 8 15 7
75603 7 17 8
78756 5 13 7
88900 15 17 7
67306 12 17 8
57283 -2 4 5
77095 4 17 10
74850 16 20 8
97432 6 11 5
62308 11 15 7
11554 11 16 8
49058 6 14 8
53646 14 14 5
4980 18 18 7
20768 15 20 8
32291 -6 9 7
39137 10 16 7
59638 -10 6 7
69914 18 23 9
17759 4 10 6
60480 18 18 7
16517 12 12 4
51565 7 14 7
48316 5 15 9
85775 -3 7 6
11740 -3 5 5
63284 4 9 5
12558 10 14 5
17150 11 15 7
49681 8 14 6
56858 -8 11 10
66123 3 12 8
50006 -10 4 5
87142 6 13 7
71192 -11 5 8
75250 9 9 5
96385 17 22 8
97688 9 18 9
92778 7 14 7
73414 20 21 7
10308 -6 12 10
35452 9 16 8
72814 8 14 8
97692 -1 13 9
57145 7 12 6
40654 2 12 8
28214 9 12 6
40752 5 17 9
50886 7 17 9
39108 6 13 7
2015 11 15 7
73002 17 21 9
3863 -5 8 6
8233 2 11 8
30191 -5 8 7
34886 4 13 8
78055 0 11 7
5034 12 16 7
55233 17 21 9
97559 14 19 7
92166 6 10 5
94682 5 11 7
30406 14 21 9
27869 6 13 7
24157 22 26 10
16930 10 14 7
34147 -5 7 6
61753 13 18 8
5504 -3 10 7
16745 12 12 5
36907 3 12 8
69288 0 7 6
71362 -2 10 7
61496 1 11 7
39490 -8 1 3
44943 16 22 8
76770 12 15 6
58335 6 11 7
821 8 14 8
64714 3 13 8
88965 10 14 7
10250 12 17 8
99161 -4 6 7
20671 9 14 7
73469 3 10 6
92675 11 15 6
7493 -7 3 6
44060 1 5 5
62204 13 15 7
80314 2 10 6
67802 22 22 7
72162 -7 5 7
50578 0 9 6
40323 8 10 4
19608 10 16 7
15327 16 19 7
58380 -2 6 6
43376 13 18 8
4908 8 15 8
6764 11 18 8
18565 -10 4 7
9709 -1 10 7
25742 12 16 8
59418 13 18 8
7953 15 15 6
30773 7 15 8
52844 12 16 7
62154 -4 9 8
51382 9 17 9
30385 1 10 6
16278 -15 2 7
77962 -7 6 6
7972 14 18 7
49691 14 15 7
26414 8 18 9
10482 8 12 6
66177 2 11 6
97709 13 20 8
55234 13 16 6
41140 0 12 8
62491 -3 12 9
54523 23 23 8
67351 9 17 8
74841 -2 8 7
84877 -1 5 4
34626 12 15 7
55385 1 9 6
99604 19 19 5
10381 -10 2 4
59762 11 15 7
48477 3 12 7
35947 15 15 6
79236 14 14 5
55508 11 12 5
43478 5 13 8
89244 1 10 6
26314 0 10 7
58040 -6 10 9
45436 2 12 8
14243 7 13 7
89714 0 7 5
69335 -2 10 7
36953 3 11 7
90061 7 15 7
99014 3 11 7
33276 -3 9 7
80984 4 17 10
34632 -2 13 9
41652 1 12 8
32731 5 14 8
55449 12 17 7
1960 -1 12 9
23648 -3 5 5
59492 -6 11 9
41139 -7 5 5
30876 16 20 8
30124 3 16 9
20630 17 17 6
57357 4 13 7
15469 7 16 8
3257 -6 5 6
53168 0 12 8
83872 4 16 9
95007 -5 7 7
83386 13 17 7
7366 5 12 7
52878 14 14 5
79016 0 13 9
19869 -10 5 7
45814 9 16 8
91247 -1 4 3
42299 10 10 3
53466 17 20 7
95638 20 23 9
7253 4 9 4
24968 -10 6 7
13905 10 14 6
12642 1 7 5
20026 17 17 7
71874 0 12 8
40679 -1 11 8
22077 13 19 9
29174 -9 7 8
92152 -2 7 6
87293 13 21 9
43838 12 14 7
83672 8 13 7
34759 -11 6 8
40126 -9 6 8
27564 9 15 7
63255 -2 7 6
64377 -5 6 6
29674 -1 12 8
28123 5 17 9
49296 5 12 6
85148 15 17 5
11435 25 25 8
13610 5 14 8
82284 13 19 8
70074 4 15 9
12423 -3 10 8
57727 11 15 7
89014 20 20 7
28289 13 20 9
7599 9 15 8
99919 3 10 7
4229 10 13 6
12018 -5 9 8
88252 16 17 7
16427 16 22 9
56326 2 11 6
62502 21 21 8
20983 5 13 7
59371 4 8 5
72387 10 17 8
74426 9 15 8
1335 -4 11 8
11998 9 18 9
77751 18 19 7
48998 4 12 7
55329 15 19 8
82816 14 22 10
42031 16 17 7
64614 19 24 9
84950 23 25 9
70429 6 12 6
81050 3 14 8
47987 14 20 9
88445 1 10 7
38006 -12 9 10
17128 5 9 6
41892 17 18 7
1795 14 18 7
73157 2 8 6
62740 1 15 9
73572 12 12 5
96512 20 20 7
89514 9 13 6
48175 5 13 7
95145 -4 6 6
25834 -1 8 7
50781 -1 4 3
57922 9 14 7
76865 17 17 7
34785 -1 7 6
54826 9 19 9
70998 -3 9 8
48962 5 10 6
90628 14 15 6
83058 18 19 7
47887 3 15 9
47147 5 8 5
33872 15 15 6
69892 9 14 6
73635 9 15 7
77443 11 13 6
15892 12 17 8
4961 -2 4 4
55952 7 12 6
82470 19 19 7
42512 13 18 8
25995 -2 4 3
37936 11 11 5
20021 10 16 7
50158 -19 2 8
40477 8 15 8
40461 -5 5 6
8545 10 15 6
99099 3 12 8
10382 18 23 9
82035 3 11 7
8413 4 15 8
84335 5 13 8
27432 15 16 6
81299 3 5 4
62593 1 8 5
14882 15 17 6
66151 12 14 5
22286 12 19 9
48898 13 18 7
5696 4 9 6
65657 22 22 8
14255 15 15 6
15490 4 9 6
30277 8 17 9
64043 9 14 6
89129 12 15 6
3234 0 4 4
65869 -5 7 7
1633 2 11 7
79919 -6 5 5
18272 8 16 8
99016 12 16 7
74231 14 18 7
17948 -7 5 5
99003 0 11 7
4155 8 16 8
16175 4 8 4
95422 0 9 7
59272 13 20 8
30726 7 13 7
24492 10 14 7
57836 5 13 7
91889 4 14 8
47431 0 15 10
96476 1 14 9
27045 13 16 7
14049 11 17 8
34900 -2 9 8
65208 9 18 8
16080 17 17 6
47973 2 11 7
62569 4 10 5
20711 -3 5 4
89460 0 9 7
59901 4 13 7
49462 10 18 8
23401 5 9 5
96649 8 11 4
17726 4 8 5
96378 13 18 8
24776 12 16 7
74570 15 19 8
12236 8 15 8
37665 12 16 6
7495 -3 6 5
96115 2 10 7
66258 19 19 7
69275 10 19 9
4105 11 16 8
53100 2 9 6
65902 18 18 7
30800 13 17 7
53301 -4 11 9
53688 10 15 7
60487 3 12 6
33604 -4 11 9
58322 -5 6 7
5730 5 10 5
47998 18 18 6
55098 5 14 7
90795 20 20 6
15184 9 13 6
43839 7 17 9
90619 6 9 5
38409 -3 8 6
67750 -5 9 8
64202 18 18 6
10938 1 11 8
41794 4 13 8
43881 3 8 6
127 7 12 5
59470 11 19 8
73752 17 18 7
91028 0 9 7
48243 8 11 6
60701 -8 9 8
38565 14 14 4
49642 16 18 7
20269 18 21 8
97534 0 9 6
74148 -6 10 9
40924 14 14 5
65844 16 16 7
86114 27 28 9
53269 14 14 5
88613 12 14 5
26127 5 12 6
2946 -3 8 7
38513 -1 11 8
53812 7 16 8
88780 12 16 8
92595 19 23 9
39830 -6 11 9
5726 0 12 8
66133 2 8 6
19199 1 4 4
35000 -6 7 8
31954 18 18 6
25856 -2 7 7
99618 -1 6 5
69712 5 10 5
70985 14 18 8
52351 15 18 7
55632 -1 9 7
80687 10 13 5
72338 13 13 5
45747 11 14 7
54443 7 14 6
57972 13 13 6
51065 19 23 8
14180 -2 6 6
27114 14 22 10
85666 18 18 6
8074 -2 11 7
84792 17 19 8
9852 11 15 6
35832 8 12 5
48167 -3 11 8
89081 -8 4 6
7909 0 14 9
31470 1 4 4
75299 15 15 5
45527 6 9 5
18390 1 12 8
6250 11 20 9
1050 0 9 6
87425 5 12 6
48673 2 11 8
32155 15 20 7
42135 10 13 6
6761 9 9 5
20624 1 4 4
8716 -6 11 9
34227 3 9 6
66899 -7 5 6
96796 2 5 3
38936 -7 7 7
12668 -11 6 8
42971 2 15 9
853 2 11 7
42309 -6 9 7
79196 6 13 8
55543 -3 5 5
39966 13 18 8
33463 13 13 6
88805 12 17 7
3650 5 10 5
48008 -5 4 5
17673 1 6 4
97632 -1 9 7
47125 6 16 8
98182 11 16 8
53578 10 19 9
73244 17 17 7
86988 11 19 9
20248 4 8 3
55483 -2 12 9
67614 7 8 5
11354 -5 4 5
51354 26 26 9
24269 16 16 6
35903 2 7 4
72335 2 14 8
56060 3 14 8
76057 6 8 4
25719 6 13 6
60972 6 16 9
98468 4 9 6
76690 -2 8 5
36623 2 15 9
82478 10 10 5
37047 2 15 9
69221 -9 3 6
58010 11 16 8
72288 9 18 9
76598 4 12 8
78993 16 16 7
73755 8 8 4
17766 2 11 7
7015 5 11 7
70662 -8 4 6
66262 -7 10 9
3205 10 13 7
78012 13 18 8
41698 -1 8 6
65721 -2 8 6
3959 21 22 8
86374 5 13 8
1230 -1 11 8
81361 -15 5 8
42938 8 13 7
18028 -3 6 6
90511 15 15 6
23742 4 9 5
37267 17 19 7
23157 7 9 4
9462 -9 5 6
90832 15 21 9
9421 12 17 8
92133 5 12 7
87773 15 15 6
29768 4 10 6
25848 7 16 8
15688 13 13 6
9665 8 11 5
10697 11 15 6
21364 -4 7 7
65359 20 20 7
22959 21 21 7
96933 9 13 7
40215 0 8 7
88730 3 14 9
86838 16 19 7
64548 -4 10 7
73029 19 24 9
78689 6 18 10
48630 10 10 4
20274 16 16 6
84900 18 18 6
1525 12 15 6
71676 4 10 7
87645 5 17 9
74639 3 12 7
44542 1 9 6
96440 3 10 7
59662 10 13 7
66344 18 22 9
12308 20 20 7
33749 14 17 7
57444 14 20 8
6637 -10 4 7
6565 13 16 7
85546 0 7 6
32073 14 22 10
10747 5 12 6
47596 -18 2 7
85305 3 6 4
28355 -2 12 8
15674 6 12 6
48992 6 12 7
42144 23 26 9
85763 2 8 6
20726 1 5 4
85611 -7 7 8
89327 5 13 8
62307 -1 11 8
98360 4 12 6
96009 -4 8 7
90536 3 7 5
96975 20 23 8
87815 -8 4 6
99083 17 18 7
30619 7 12 7
86886 0 6 5
29300 10 20 10
51930 8 13 6
84572 13 18 8
16287 7 15 8
56864 23 25 9
98421 2 11 6
50093 -2 9 7
38204 -10 10 10
73277 14 19 8
47079 1 13 9
71025 3 12 6
73684 1 10 6
86973 3 14 8
14458 13 18 8
11079 -1 11 8
9419 14 16 6
59015 10 11 6
51643 -14 0 4
18560 4 14 7
46318 9 11 5
2658 12 17 7
95502 -4 5 6
93750 8 12 7
2675 7 15 8
13859 5 12 7
20994 0 11 8
88187 7 16 8
30883 11 15 6
66686 18 18 6
98746 -3 6 6
10142 -7 7 7
32273 -1 8 6
8063 6 14 8
91729 14 16 7
83045 14 18 7
30442 1 11 7
14349 -2 7 6
91843 1 11 8
56721 -2 9 7
35669 12 16 6
4645 5 7 5
79572 4 13 8
54353 -14 4 7
72727 23 23 7
53280 -3 7 6
72791 -11 2 6
5401 -7 6 6
99479 -7 2 5
23708 8 8 3
29335 -1 11 8
71656 7 16 8
62025 10 19 9
21182 -2 4 5
32222 14 18 7
59938 -2 11 8
65309 8 17 9
74374 6 11 7
87829 5 14 8
26969 7 16 8
66577 9 13 6
88952 11 14 6
85448 3 11 7
42444 14 14 6
78642 21 21 7
93612 7 17 9
90232 3 12 7
87986 -1 9 6
93126 13 19 8
13668 0 8 6
33564 13 13 6
70142 4 10 6
35154 18 19 7
69318 8 8 3
78241 -3 6 6
95011 -5 9 8
85159 10 15 7
71024 4 9 6
59420 3 8 4
57020 14 17 6
16760 7 16 9
16548 -3 8 7
35370 16 20 8
20463 3 14 9
51471 25 25 9
23391 -2 4 5
3259 10 20 10
3126 5 10 6
58385 18 24 10
25114 15 15 5
50477 15 20 9
44925 14 21 8
58146 1 10 7
83859 13 19 9
7398 5 14 7
86025 16 16 7
3183 24 24 8
53126 4 13 8
38823 5 16 9
34988 17 17 6
77404 -1 11 7
50111 11 14 7
1763 14 17 8
65679 11 15 6
95631 -2 9 7
65130 17 20 7
73888 9 14 7
59289 12 18 8
45951 5 10 5
54091 3 12 8
67458 12 17 8
99231 2 10 6
37130 2 5 4
17916 13 19 9
72221 3 10 6
26288 6 10 6
62471 1 13 9
980 11 16 8
84907 0 10 6
5398 15 15 6
56139 -5 9 8
31569 4 5 3
54688 -2 7 6
75923 -9 4 6
19676 2 7 6
62336 11 14 7
35488 3 12 7
41309 9 17 9
1433 9 14 7
9133 23 23 8
5581 0 7 6
63904 1 14 8
35501 13 13 6
67950 1 14 9
90760 6 9 6
62956 2 15 9
3944 22 22 8
79060 12 17 7
94515 15 17 7
28216 9 16 8
16649 3 15 8
13673 8 14 8
13461 10 15 7
57336 5 13 8
83853 15 17 7
77430 -2 7 5
31268 0 9 7
92050 10 17 8
64059 -6 7 6
4565 14 14 6
40343 7 11 6
84684 9 9 4
74096 16 23 10
83543 2 9 6
8622 20 20 7
25379 1 4 4
93398 -5 8 7
54730 12 15 6
2560 -4 7 7
38430 6 16 9
29328 3 12 8
66691 -4 6 5
83700 9 13 5
38044 -2 10 7
4316 11 12 5
96383 13 13 5
34126 -14 3 7
43720 10 17 8
92356 7 16 9
67313 11 11 5
68128 2 13 8
60811 2 10 6
13422 -4 9 8
23269 4 13 8
22930 13 18 6
31545 0 10 6
37048 12 19 7
47962 -3 5 5
25453 7 18 9
36413 0 9 7
69253 6 13 7
21189 0 10 7
49235 17 21 8
79239 6 10 6
54648 9 12 6
7431 21 21 8
91358 16 16 6
65466 10 16 7
85257 -1 6 6
11781 11 17 8
87121 -4 8 7
56468 21 24 8
88575 13 17 8
30565 9 17 8
35571 2 13 8
18043 3 13 8
62504 18 22 9
33628 9 14 6
11260 11 17 8
34822 16 16 7
3143 8 13 7
86103 7 12 6
63509 -2 7 6
48924 -7 4 5
46872 1 6 5
62275 8 18 9
12736 1 13 9
56009 10 13 5
81225 7 12 6
38117 2 10 5
44028 8 13 7
33967 8 15 7
72553 14 19 8
87441 6 10 6
34055 12 14 6
9757 10 15 6
29469 2 12 7
63896 12 18 8
70859 -2 7 6
58351 8 8 4
8106 18 20 8
92080 -12 3 6
29865 2 9 6
79574 9 16 7
89219 3 8 5
14864 13 17 7
52528 -3 13 9
89385 -5 9 7
95605 11 11 4
48519 -2 8 5
87310 7 15 8
50761 12 12 5
35070 1 10 6
61245 9 18 9
67016 -1 8 7
55820 -3 11 9
81821 11 15 7
34582 28 28 9
81428 21 21 8
24441 2 12 8
30279 19 19 6
90171 -3 8 7
81416 2 10 7
24043 20 21 7
88537 7 16 9
70827 5 9 5
5220 11 14 6
23981 0 7 5
76875 5 13 7
56299 -1 9 6
25238 -3 10 8
99315 1 5 4
92253 -3 8 6
17625 -2 8 7
54726 -1 10 8
5250 11 16 8
50757 1 5 4
62832 -2 8 7
52717 14 14 5
14094 18 18 7
58043 15 15 5
98349 9 13 6
552 -1 10 8
7722 1 9 7
74722 0 9 7
85955 4 11 7
55894 4 8 6
46349 -1 9 6
52543 3 11 7
9747 14 22 10
86659 5 15 9
63368 -1 7 4
56857 2 13 8
11739 6 9 5
47140 15 15 6
93056 19 19 7
36543 3 10 6
8633 11 18 9
59437 5 12 7
81727 12 17 7
96462 1 11 7
62721 -2 10 8
39827 9 18 8
38514 -5 6 5
47907 -1 8 6
61432 10 12 6
45635 -2 2 3
87793 -4 7 7
48913 6 16 8
84618 3 12 6
71124 9 12 6
12261 2 15 9
31052 21 21 7
44052 3 7 5
35515 9 13 6
51079 -2 7 6
16012 -6 3 5
67058 12 17 8
14611 4 13 7
9507 9 16 8
11988 4 13 7
83430 -1 6 5
89310 -1 13 8
95044 -1 9 7
7862 2 8 5
92389 -8 11 10
28315 6 12 7
94321 18 20 8
79762 -5 9 8
83066 -6 9 8
68727 4 11 6
42692 21 21 7
45971 16 16 5
50555 4 13 7
64776 -1 7 6
44540 7 12 6
79635 3 10 6
88553 1 8 6
25650 -1 9 7
36844 -3 11 8
70503 1 9 6
14903 19 24 9
24739 -1 7 6
74664 -8 6 7
24048 1 11 7
25583 16 20 8
54468 7 12 6
80176 -1 8 6
74720 17 22 8
37866 -1 9 6
34046 -8 7 7
91959 11 16 8
21776 2 14 9
13901 7 15 7
35248 7 11 6
15863 -2 8 7
55094 17 17 5
80944 14 20 9
52882 5 16 9
25974 1 9 5
12660 26 28 10
94268 4 14 8
5346 10 14 6
36066 13 18 8
46553 -1 9 7
52790 6 14 7
22430 -2 12 9
36408 5 11 6
83078 9 17 8
26565 -2 7 5
99350 24 25 9
79231 0 7 5
32744 7 10 5
72678 8 13 7
65299 12 19 9
92020 4 10 5
23883 22 23 8
82196 -11 2 4
95681 17 17 7
3783 -5 9 8
19646 13 13 6
31642 8 14 7
83751 6 11 6
35777 16 18 8
1950 12 17 7
72351 -8 4 7
91268 17 17 5
38382 11 16 6
47975 -2 10 8
63325 6 11 6
11268 3 6 4
13881 3 12 8
26839 18 18 7
21244 0 15 10
92744 8 14 7
52981 9 17 9
25962 16 21 8
65508 -1 12 8
4307 6 9 5
57532 12 17 6
5615 16 19 8
61935 8 12 5
52986 0 8 5
65067 6 8 5
15299 12 12 5
37906 12 18 8
81125 -8 4 6
68361 -9 9 9
32845 11 16 8
38384 0 5 3
59069 0 10 6
52208 22 22 7
37249 17 17 7
6947 11 11 5
81266 11 18 9
88500 15 21 9
7623 -5 5 4
84516 10 13 6
31665 2 12 8
27143 -8 6 6
71456 16 16 6
44468 -5 8 8
64538 6 12 6
46678 13 17 8
65735 16 16 7
99966 9 17 8
4468 4 9 4
89802 -5 8 7
70679 5 13 7
48860 -2 11 8
69500 7 12 6
28636 2 11 7
5272 14 14 5
44085 15 15 5
42259 0 6 5
20727 -7 5 5
30903 7 10 5
32440 5 14 8
65228 8 13 6
51522 3 9 6
89533 -13 5 8
91328 18 20 8
53109 3 5 4
50980 2 12 8
80807 4 10 6
6883 20 20 7
54971 5 14 7
54548 1 10 7
72181 10 10 5
98306 11 11 5
63244 10 14 6
74737 12 19 9
86104 8 12 7
8396 13 13 6
38212 13 13 6
18179 -11 2 5
4642 9 13 7
46304 2 15 9
27277 9 14 7
6634 0 11 7
80692 14 19 8
2002 3 11 7
25914 -1 8 7
56167 4 12 7
13742 18 18 7
83748 6 11 6
73882 3 8 5
34106 13 13 5
81501 6 14 8
88566 4 11 7
89736 8 11 6
83545 14 15 7
38254 5 14 8
51921 5 15 8
38499 7 16 9
44623 6 12 6
91240 10 16 8
4560 8 17 9
91325 -9 5 7
54031 17 21 9
39565 3 15 8
49960 -5 4 5
36477 0 10 8
95603 -3 11 8
26532 -6 6 7
31210 4 12 7
24650 0 10 7
61253 1 11 8
81533 -4 5 5
25254 5 10 6
79805 6 13 7
72441 12 16 8
76345 3 12 7
28083 16 21 9
48851 14 18 8
35354 4 10 7
48196 20 20 7
35434 5 11 6
21337 8 11 6
46142 8 19 10
4446 9 12 6
80509 8 9 4
89152 -1 8 4
96524 -4 5 5
37961 1 3 3
33070 -1 11 8
73158 11 12 6
6712 -7 7 6
33425 0 5 3
63476 9 17 8
68777 4 13 7
78831 12 19 9
89148 -1 10 8
90370 -2 9 7
24257 14 14 5
55612 0 6 5
84821 8 13 7
2086 -3 10 8
26914 15 17 7
41763 10 20 10
38105 2 9 6
554 -7 9 9
73520 -3 12 8
59926 11 19 8
598 -1 8 6
99633 -3 9 7
69126 5 12 7
46043 24 24 8
87184 0 9 7
45895 20 22 8
43738 1 6 4
46519 4 12 7
72198 16 16 6
98133 -2 12 9
94532 17 17 6
97560 -3 11 9
26246 15 19 7
36620 10 10 4
67207 -1 13 9
72838 5 14 8
37061 15 20 9
97772 12 16 7
9830 5 13 7
2830 -1 10 7
19536 7 15 8
33874 15 18 6
10071 15 18 8
75159 4 12 7
53644 18 18 7
72319 3 12 8
30360 12 21 10
76350 -5 11 8
69543 25 25 8
82709 11 19 9
20612 4 10 7
25470 1 10 7
30201 15 19 8
12150 8 12 7
53011 23 23 8
53099 1 11 7
15716 12 21 10
43908 18 18 6
70562 5 10 6
70817 -3 8 7
35487 5 13 8
6381 0 9 6
39835 -5 7 7
15722 -3 12 9
33522 5 11 6
33322 -9 7 8
69744 6 18 10
92877 16 18 7
70409 13 13 5
61098 -5 6 7
18033 15 20 9
40628 13 16 7
42314 4 14 8
25495 15 15 5
27074 12 16 7
91037 8 11 6
78967 9 14 7
6614 16 16 7
98103 10 15 6
3370 19 20 8
909 -7 9 8
28408 7 12 5
5217 -7 7 7
97199 -3 5 5
49900 6 15 8
55307 16 20 8
40392 -5 5 6
53773 5 8 5
36996 16 20 8
62415 -2 13 9
66815 6 14 8
47404 3 8 4
84555 4 11 5
95684 13 16 6
52246 4 13 6
90894 9 14 7
37425 13 17 8
6121 15 21 9
6925 3 11 7
47293 10 16 6
8706 -3 9 7
55629 4 8 5
31241 15 17 7
98936 15 20 8
35743 -5 8 7
22705 -9 6 8
63000 3 11 6
93223 -3 7 6
23347 -2 14 10
84257 8 10 5
49922 23 23 8
98864 15 15 6
94083 0 14 9
68739 18 18 6
84690 0 11 8
2678 -10 2 5
54908 -7 7 8
32119 -7 4 6
48620 -1 4 4
59120 12 15 7
23984 0 6 5
47855 3 9 6
65723 15 18 8
22097 0 11 8
16418 9 18 9
2854 0 11 8
70355 30 30 10
52311 6 10 5
50995 17 19 8
91041 14 17 7
90096 3 12 7
78580 22 24 8
64254 -10 10 10
41029 14 17 8
39131 -3 5 6
27729 6 13 6
42984 18 18 7
3546 14 21 9
77599 5 9 4
87577 -6 9 8
95548 5 10 6
7093 13 17 8
75223 18 18 7
69378 13 17 7
73594 2 15 9
67983 6 18 10
90526 3 12 7
17434 22 22 8
3977 6 11 6
36443 8 13 7
34075 -3 11 8
20813 -5 12 9
57170 7 12 6
74729 14 17 7
56639 23 23 8
69350 15 15 6
13049 4 15 9
28273 11 16 8
94978 2 8 6
62412 4 12 7
75264 5 17 9
60481 14 18 8
80105 3 15 9
61497 1 13 9
31870 11 13 5
48391 15 19 8
46119 5 11 6
66243 1 12 8
77067 19 19 6
65540 8 13 7
91073 14 21 9
13033 6 17 9
91924 3 7 5
52199 4 13 8
44432 10 14 7
57358 9 15 8
5796 8 19 10
97640 5 14 8
9206 0 13 9
43570 -3 10 7
25437 7 12 6
36512 7 15 8
80461 12 13 6
66393 5 11 7
18616 8 15 7
57650 -6 7 6
5668 -3 4 5
70635 7 12 6
55717 10 17 8
89427 -2 8 7
77860 6 6 4
37365 24 27 10
79773 1 13 9
3121 9 16 8
25079 8 12 6
9071 13 13 5
46863 17 22 8
44748 -6 11 9
39261 -4 8 6
49635 -6 8 7
42887 -3 8 7
37590 -1 8 7
60184 2 11 7
84831 2 14 9
32758 -8 5 6
26050 12 12 5
5351 12 16 7
55280 4 12 7
10720 8 13 6
97907 4 12 7
7215 9 17 9
55918 4 12 7
20687 16 16 6
77800 19 20 8
36729 6 12 7
32923 -3 7 5
73335 -1 10 7
43279 18 18 7
17132 21 25 9
72215 4 17 10
92901 13 18 8
21122 0 5 4
67081 10 16 7
22877 13 16 7
50847 14 19 8
92629 6 10 6
52131 -9 8 8
14823 -7 7 7
87270 -2 7 6
78920 18 24 10
45685 2 11 7
25603 8 17 8
33690 21 21 8
39092 4 7 4
60550 11 14 7
1429 19 19 7
57662 14 14 6
97330 14 17 6
61553 8 9 4
39860 2 10 7
97816 7 15 8
64622 -2 7 6
13277 -12 2 5
56684 18 21 8
47262 9 18 9
79826 17 20 8
84749 14 18 7
64728 13 18 8
38433 -17 2 7
7050 6 15 8
75863 13 15 7
74762 9 15 7
15721 17 21 8
87361 3 11 7
76960 6 14 7
36758 8 12 6
19170 8 17 8
57954 -8 7 7
55594 7 10 5
94391 20 20 6
77810 -1 11 8
64471 2 8 6
56342 23 23 8
31518 9 13 7
15402 14 19 8
55136 -2 12 9
51272 2 11 6
98088 26 26 9
83040 16 16 5
43613 3 11 7
62040 19 20 8
67487 -2 10 8
29116 0 8 7
3992 17 17 5
95163 11 15 7
88732 7 15 8
417 -1 13 9
21894 7 15 8
67044 28 28 9
41217 16 22 9
88330 7 13 7
31463 -3 11 8
10663 9 14 7
2904 7 12 6
309 8 13 6
59528 -1 8 6
2941 13 19 8
19415 2 7 5
12210 5 13 8
65470 11 13 5
41890 8 12 7
39158 19 19 7
75686 0 10 7
30785 8 10 5
4960 4 5 3
65253 0 8 6
41332 17 18 6
68073 -4 7 7
79978 8 16 8
39402 6 13 7
84954 7 15 8
59331 4 13 6
7367 11 16 8
67527 5 12 6
38237 1 7 6
97620 -1 7 6
73991 0 10 7
72733 6 12 7
41725 5 9 6
88994 -3 10 8
385 5 10 6
18193 -5 6 6
86706 13 13 6
8831 4 12 6
50186 -10 7 8
28495 8 11 6
80419 9 14 7
36273 5 10 5
61046 2 12 8
34208 11 14 7
86308 6 13 7
22013 6 16 9
25316 9 14 7
78982 9 14 7
12855 12 16 7
21686 9 14 7
77861 -3 9 8
63493 7 12 7
22562 2 9 7
8857 0 8 6
46804 9 17 9
81547 16 19 7
66383 0 6 5
70242 16 17 7
50295 8 12 7
17241 2 6 5
18952 -10 6 7
74345 12 15 6
80473 -3 7 6
11088 26 26 9
86147 7 14 8
34491 13 18 8
65024 6 13 8
88043 12 12 5
48107 -2 7 5
63560 -3 6 5
53713 8 8 4
59393 7 13 7
91791 19 22 9
64076 7 12 6
85415 6 11 6
89125 13 19 9
89069 0 7 6
59332 12 16 7
21539 -4 7 7
91927 0 10 6
21774 11 11 5
63452 9 12 5
62493 2 13 7
93537 19 21 8
57757 7 15 8
34425 0 5 3
50020 8 17 8
46718 8 13 6
65164 15 15 6
59132 -2 6 5
58296 -6 6 7
23641 18 23 9
33401 5 9 5
70134 4 14 7
99882 1 9 7
89397 5 13 6
58135 2 7 5
68579 4 17 10
28504 -2 11 8
58117 12 14 7
23229 10 11 6
11227 6 15 8
61407 -2 12 9
30204 4 9 5
78767 -11 5 7
4940 -3 12 9
50680 11 11 5
19782 3 15 9
49506 8 11 6
63697 11 15 7
95076 -10 7 8
45737 5 17 9
21201 17 18 7
52458 19 22 9
32480 3 12 7
76531 13 17 7
93689 1 9 6
1704 -2 6 5
23335 15 19 8
54612 -5 6 7
51592 18 18 6
57004 5 9 6
80533 7 12 6
88447 -2 5 5
91256 16 19 7
50499 11 18 9
59486 8 10 5
25333 9 12 5
93493 7 12 6
25134 -9 9 9
86849 5 11 5
12773 7 12 6
72905 -9 3 5
69133 2 11 8
31384 8 14 7
46249 4 10 6
74420 -3 8 7
19101 3 12 7
64159 1 11 8
49854 4 13 8
41637 9 17 9
87644 16 16 6
47150 -2 6 5
18147 -1 14 9
43075 11 17 8
29533 11 15 6
51709 0 7 6
82432 11 14 7
24042 -1 8 6
95303 7 13 7
32067 14 14 4
22445 -3 10 7
39946 2 7 5
56310 8 12 7
63513 22 24 9
98833 -1 10 7
81221 1 9 6
19898 -2 10 8
23777 -9 6 6
62396 7 15 8
94946 4 12 7
7583 13 16 7
23075 15 20 8
34162 9 14 6
11823 13 17 8
39609 7 14 8
99881 18 19 7
92490 0 4 3
97086 10 19 9
60846 2 11 8
91398 -7 4 6
66488 13 16 7
30400 5 9 6
84864 11 17 8
39161 9 14 7
27518 -2 10 7
96966 2 6 3
28231 10 17 8
21881 -1 8 7
89410 1 9 7
47002 -2 14 10
50544 -3 8 7
45364 18 19 7
58014 11 19 9
30610 -1 9 7
72804 7 11 5
5983 3 12 8
21939 18 21 8
20017 9 13 6
34367 6 10 5
5268 -6 6 6
59696 14 14 6
9652 -8 6 7
73507 14 20 9
66093 8 11 5
19139 0 9 7
45014 4 12 7
94854 3 10 6
1415 13 17 8
99110 1 14 8
25340 -3 6 6
73228 4 11 7
76791 -4 10 8
78101 -4 4 6
55536 7 13 7
48945 14 20 9
96750 4 8 5
98376 -6 12 10
31669 -1 9 6
90465 2 12 7
77234 9 14 7
5109 19 19 7
86685 -4 8 7
99466 5 13 7
44405 15 18 8
87534 1 9 7
28535 2 13 8
31923 8 15 7
32278 10 15 6
85540 6 14 7
22506 6 13 6
83420 11 15 6
67817 8 13 6
77982 -1 5 5
87583 18 23 9
25421 17 17 6
73682 14 14 6
76858 11 18 8
73800 7 16 9
63540 -5 4 6
49774 20 22 7
66623 9 12 6
78795 21 21 7
16798 -6 4 5
82093 -1 9 7
90033 9 14 7
96533 13 17 8
26093 1 8 6
18215 1 11 7
60427 2 11 7
47588 12 12 5
38673 9 13 6
7025 8 13 7
4622 13 18 8
28531 6 18 10
71629 26 26 9
88454 10 14 7
29249 18 18 7
5923 12 17 8
76929 24 24 8
99360 19 19 7
46670 2 5 4
93387 15 18 8
89730 -1 9 7
37234 0 12 8
22494 21 21 8
89413 2 7 5
68458 3 10 6
2612 1 14 9
55546 9 12 6
94579 -6 7 6
16869 1 10 6
23079 18 22 9
52594 8 8 4
6490 10 17 8
4534 12 15 7
96776 -9 8 8
14712 -18 0 5
27665 8 8 4
76989 8 17 9
94297 3 8 5
53357 11 16 8
46030 4 13 7
20995 3 12 8
29142 -4 11 9
16627 15 19 8
17312 14 19 8
39423 0 9 7
36500 2 11 7
20077 6 15 8
97052 20 20 7
90316 9 15 8
81096 16 21 9
79953 -2 8 7
3047 13 17 7
74727 7 12 6
7283 8 12 6
49433 13 13 6
84550 2 8 5
21716 17 17 6
70087 3 11 7
84515 24 24 7
52033 9 14 7
87272 14 17 7
87663 1 11 7
99344 -1 13 9
3976 -1 8 6
5777 11 14 6
48662 -5 9 7
30318 13 17 7
83621 19 19 7
19876 10 14 7
30401 17 17 6
69183 8 14 7
3030 10 16 7
86139 -2 9 6
67680 4 12 7
94389 0 9 6
20494 18 24 10
42061 2 9 6
791 1 8 5
37683 1 9 6
29074 16 18 7
67014 8 17 9
99377 5 8 5
9682 -1 12 9
36162 15 21 8
82015 10 17 8
13141 -1 6 5
51741 8 13 7
77602 10 18 9
85770 8 17 9
11445 -9 7 8
96713 2 7 5
8052 6 14 8
89175 4 11 7
64476 23 24 9
76454 4 13 8
35416 20 20 7
15423 -13 7 9
38004 0 8 6
54859 -8 7 7
96939 -9 8 8
76267 10 13 6
69643 3 13 7
4498 -10 9 9
43987 -5 9 7
91503 4 15 9
14405 -3 7 6
26951 1 8 6
62331 20 25 10
79138 -5 7 7
57196 -1 12 8
57280 7 14 8
11110 -4 8 7
63713 12 19 9
65424 2 11 6
41879 12 17 7
81099 4 8 5
46178 10 16 7
89692 -1 1 2
54467 10 17 8
62243 13 17 8
76045 17 17 6
4126 5 14 8
95653 -5 2 4
39003 15 15 6
93073 -5 4 5
34854 4 11 6
34337 1 10 7
63146 0 9 6
95337 5 13 8
94628 12 12 5
64472 -5 7 6
20929 0 14 9
94909 12 17 7
9442 5 5 3
37795 -6 5 6
89928 11 14 5
32506 -21 2 8
76902 -1 12 9
42619 12 15 7
23633 6 10 6
76976 -3 10 8
43387 6 13 8
3931 19 21 8
641 1 10 7
80528 10 14 6
32531 15 20 8
49185 13 18 8
76647 9 15 8
56768 20 20 6
72015 -2 8 6
45561 0 14 9
73070 -15 5 7
65169 3 12 7
91520 2 9 6
92477 -1 10 8
67932 -8 7 7
14771 -2 12 9
23089 26 26 9
76628 15 15 5
76388 4 12 8
24072 -1 4 5
6184 4 9 5
92929 9 18 9
47282 -14 2 6
43559 4 11 7
20020 3 10 6
61180 -6 8 7
5480 3 13 8
66805 5 14 8
1943 19 19 7
6872 8 16 8
37262 2 8 6
81158 7 11 6
42387 18 21 8
77118 11 14 7
44470 -2 6 6
44169 13 13 5
29417 14 14 5
50466 -6 4 5
33304 9 15 8
94696 15 15 6
28174 30 30 10
69052 -4 11 9
2420 17 21 8
14515 -5 7 7
78310 2 11 6
20396 8 11 5
39897 1 13 8
79743 0 12 8
58492 6 9 5
25045 5 14 8
20980 8 16 8
12332 -6 7 7
94604 9 18 8
5541 5 5 3
76655 11 16 8
79722 3 12 8
59646 1 10 6
47946 18 20 7
52945 -9 7 8
26146 3 9 6
31924 11 18 8
89196 5 15 9
70693 -13 6 9
70448 4 14 8
35199 16 19 8
34788 12 19 9
97637 6 13 6
10880 10 16 8
96423 14 15 6
83076 0 7 6
99936 4 12 7
41548 8 11 6
1409 9 17 9
92381 9 14 7
5001 4 12 7
82029 4 13 8
49220 4 13 8
61078 4 11 7
76299 -6 6 7
25788 11 16 7
10175 11 18 9
21170 14 17 7
37807 7 14 8
2493 13 16 7
93860 -4 6 7
22104 4 15 7
32727 -14 4 7
62407 1 5 4
46396 7 12 7
95368 12 15 7
67615 7 12 6
34451 1 6 4
40406 6 16 8
43522 8 8 4
99165 18 19 7
5387 -1 14 9
71745 15 15 6
87596 13 16 7
67372 2 15 9
72350 -14 6 9
20057 -1 9 6
84092 -2 12 7
41831 13 18 8
67548 6 13 8
12604 15 18 6
67812 3 11 7
91130 11 16 8
57271 2 11 6
82318 -3 8 6
62186 9 14 7
89792 10 15 7
10087 -4 13 10
74125 -9 4 7
92780 23 23 8
97121 -2 5 4
12438 -3 9 8
39574 24 24 8
5258 12 17 7
18824 14 16 7
14949 5 14 8
87259 -2 12 9
34072 8 14 7
55977 21 21 8
78753 17 17 6
61971 -3 6 6
97731 15 20 8
68375 9 14 7
31105 5 12 6
74050 -10 6 8
79937 -10 3 6
8003 -1 10 7
58098 8 16 8
77904 4 12 8
92359 -7 9 8
97923 0 10 8
91897 23 25 9
19416 16 22 9
48385 15 20 8
21293 -2 7 6
24017 14 19 8
53536 -1 6 5
6544 -1 10 8
87021 18 22 8
1545 6 10 5
89176 -5 9 7
62960 21 21 6
47396 5 9 6
31031 11 14 7
36411 1 11 8
78378 4 11 7
48704 5 14 8
38852 21 23 7
23613 16 21 9
52873 5 14 8
3815 11 11 5
91687 -8 7 7
24207 1 11 8
26519 20 25 10
79386 14 17 7
76959 3 15 8
24208 8 17 9
13850 6 12 6
47878 17 20 8
74252 -13 4 6
34111 4 12 7
8903 8 11 6
627 1 12 7
23044 5 13 7
87429 6 12 7
19098 18 18 7
84711 1 9 6
69869 8 16 8
51498 19 19 6
2473 11 18 9
82783 17 19 8
18544 -1 8 6
66918 18 18 7
49279 18 20 8
79662 9 13 7
33082 -5 8 8
87948 11 19 8
93302 14 22 10
74830 0 8 6
705 9 18 9
29007 19 23 9
14271 -3 13 9
85416 18 18 7
54388 1 9 7
99508 2 11 7
20013 19 19 7
49605 -1 11 8
33052 10 15 8
62806 26 26 8
80103 11 13 6
84177 1 11 7
81576 4 12 7
89749 6 18 10
74427 7 16 8
83452 19 19 7
57850 3 12 8
50287 2 8 5
27035 -9 8 9
24937 3 12 8
42270 11 15 7
97882 4 10 6
29734 16 16 7
53233 17 17 6
23113 3 12 6
69867 13 18 8
1249 4 16 9
87764 6 14 8
31564 10 15 7
15275 4 14 8
9245 -11 6 8
47185 10 16 7
77480 16 21 9
18566 -6 8 7
67584 6 17 9
73892 -7 8 8
63301 -2 8 7
37680 -1 13 9
56531 14 16 7
75195 9 19 9
11801 -2 8 7
63722 11 11 4
26786 15 17 7
47647 1 10 5
28291 14 19 8
35087 -4 7 7
5939 10 18 8
56469 7 15 8
61493 5 8 5
94920 10 17 8
4603 6 14 7
36921 -11 8 9
31044 19 19 7
33533 7 17 9
12595 -2 9 7
18820 0 8 6
66300 7 17 9
45757 -2 4 5
84299 12 17 7
62892 2 15 9
82914 -10 5 7
5202 16 19 8
79491 11 15 6
91093 -6 12 10
18994 -5 8 8
96418 17 22 9
68313 13 18 8
74861 -3 5 5
53197 8 11 5
25932 25 25 8
1475 -2 10 8
91826 6 17 8
27669 12 17 8
52087 6 13 7
33762 0 9 7
56202 19 19 7
46646 -1 9 6
44086 -7 7 8
38494 0 6 5
30061 3 9 6
25808 2 8 6
96548 -10 2 5
32057 7 15 7
82794 -8 3 5
31037 16 22 9
46630 8 13 7
37803 16 21 9
54084 -2 9 7
37429 9 10 5
14488 2 11 7
91596 -3 11 8
76379 13 19 8
75527 4 8 5
60242 -3 8 7
64209 12 20 9
4923 9 18 9
86628 9 15 7
79633 -4 6 6
67364 23 23 7
54192 -1 8 7
58241 4 17 10
8555 22 24 9
75717 -3 10 8
3314 10 20 10
4125 16 20 8
663 10 11 6
18880 3 14 9
85232 8 13 6
12980 -1 10 6
47760 14 19 8
11922 18 22 9
60150 13 18 8
65020 16 21 9
95493 -8 6 6
4977 -4 8 7
18369 15 17 7
99266 -9 7 8
93658 7 12 7
66165 15 16 7
41047 23 25 9
21277 -17 5 9
71198 6 9 5
97300 13 13 5
67770 0 9 6
65217 1 10 6
62189 12 12 5
77679 6 11 6
54739 6 14 8
25704 -12 9 10
36536 3 11 7
55760 -6 2 4
82700 5 10 5
31079 21 22 8
43527 7 14 7
31216 12 20 9
87752 3 8 6
63961 -15 4 7
46858 19 19 7
74626 23 23 8
90382 4 8 4
41046 5 11 7
85482 10 15 5
77596 12 17 8
24643 0 11 8
14439 13 17 7
16910 9 13 6
81529 13 13 5
90563 -9 3 6
55193 -6 5 6
5178 6 16 9
92351 -10 6 7
66131 11 18 9
77487 15 21 9
25534 3 14 8
39679 17 20 8
93177 6 16 9
90479 7 18 9
82724 8 16 8
9048 30 30 10
325 5 10 6
63780 -10 6 7
1450 3 12 7
90038 -4 12 9
59581 -4 9 8
91564 10 10 4
22950 4 11 6
8191 1 13 9
1091 5 11 6
74200 3 9 6
37345 17 21 8
14974 1 13 9
98899 17 18 7
38049 -3 7 6
95317 10 15 6
11686 -9 7 8
86298 2 13 8
68983 -6 7 6
51900 14 18 7
30894 9 14 6
35561 2 14 9
44182 15 15 6
46 -1 9 7
10056 6 13 6
11926 18 18 6
57833 -2 9 7
14789 13 16 6
75925 11 16 8
35363 7 13 7
33802 -1 10 8
77804 5 10 6
66742 0 10 6
39226 1 12 8
76167 9 14 6
92224 18 18 6
75121 -8 4 7
68714 11 14 6
25593 -5 6 6
88119 14 18 8
41366 -13 3 6
56587 -4 9 8
63026 15 20 9
88691 3 10 6
68261 9 16 8
80040 15 19 8
73424 10 18 9
93484 17 23 9
45308 19 19 7
34034 5 16 9
25625 5 13 6
86921 -7 5 5
61811 -12 8 9
31150 3 8 5
20331 -10 6 7
47936 2 7 5
68787 17 17 7
50280 9 13 7
66225 -5 8 6
11308 13 14 6
14335 2 14 9
89256 18 21 7
84754 8 11 6
20535 2 6 5
78281 20 20 6
39110 25 25 7
77612 6 15 8
79601 9 15 8
13362 5 10 5
80022 8 15 8
76256 -7 10 9
77946 12 18 8
90222 7 10 6
91493 -4 9 6
23882 13 13 5
42454 10 15 7
90023 3 12 7
69428 -3 7 7
46591 -1 6 6
53710 12 12 5
33881 14 14 4
3038 11 16 7
28916 7 14 7
93028 12 13 6
41787 11 18 8
29655 -1 9 7
84517 16 21 9
6156 -2 13 9
67523 19 19 7
33223 14 22 10
86662 9 11 6
42048 4 12 7
76449 11 11 5
42661 17 17 7
80408 20 20 8
68179 18 21 8
8711 1 9 6
93296 2 9 6
91734 12 19 9
28796 2 9 6
64649 3 12 7
12419 1 10 6
58572 -3 3 4
47280 5 11 6
52226 12 12 5
57688 -12 4 7
49022 28 28 9
35576 -2 10 7
83777 -11 5 7
67530 10 13 6
51946 3 10 7
44122 -17 1 6
10532 3 11 7
31806 0 12 8
37318 13 13 6
93486 5 9 6
9668 5 12 6
27534 5 13 8
16214 8 8 4
72409 3 11 7
29137 11 11 4
95102 17 17 6
37870 16 21 9
79165 11 15 7
69069 0 10 7
84023 4 14 8
91916 -1 6 6
96165 10 18 8
37499 9 9 5
89727 20 20 7
64305 8 15 8
67116 14 18 8
75526 -10 6 7
10806 0 7 5
39517 -1 10 7
72627 16 16 5
5928 1 7 5
15901 4 13 8
89993 5 14 7
10814 -1 7 6
49303 21 21 7
71426 23 25 9
5016 1 13 9
7916 14 15 6
70273 -5 10 9
63134 -2 6 5
94805 11 14 7
5647 4 7 5
2457 1 11 7
28580 19 21 8
70001 4 13 8
97558 7 10 6
50369 4 10 6
13979 17 22 8
24141 -3 8 6
83962 8 14 7
51750 5 13 7
41301 6 10 5
96638 8 15 8
76366 14 18 8
11210 -2 6 6
57053 25 25 8
99472 6 14 8
25303 5 10 5
95219 4 4 3
33986 7 16 8
89160 7 12 7
48188 4 7 4
97687 6 10 6
57696 6 12 5
81778 11 15 6
60670 -2 5 4
57699 2 11 7
52836 -7 5 5
40175 8 17 9
47743 9 16 7
30256 -6 5 6
47638 8 15 7
42164 -2 7 6
32108 8 15 8
26816 14 19 8
3639 -2 10 7
71710 5 12 7
3380 -6 9 8
86564 1 9 6
33781 16 17 7
5887 14 16 6
33135 1 10 6
92746 4 13 8
69175 2 6 5
83092 5 10 5
4275 17 17 7
7836 3 15 9
32148 16 16 6
17457 7 12 6
36779 8 14 7
21741 0 7 6
85849 7 14 8
26539 12 12 6
34105 3 14 9
65492 4 13 8
53716 21 21 8
61591 12 20 9
34296 4 10 6
9478 7 14 8
29496 9 15 7
74149 26 26 8
31385 -14 5 8
56598 5 14 8
63334 6 11 6
26485 -1 10 7
64556 9 13 6
23797 -2 6 4
13067 -6 11 9
81067 18 20 8
55637 10 14 7
17752 7 10 5
50813 4 9 6
57997 11 19 9
93990 -6 12 10
58486 16 18 6
30723 -7 11 9
54046 9 12 5
4103 0 9 7
42168 -3 7 7
51430 15 15 5
14161 -1 11 7
71265 6 10 6
41051 10 14 7
96624 3 14 8
47012 0 13 9
14578 5 14 6
15862 5 13 8
99914 -5 8 7
95396 11 20 9
72009 10 13 6
67467 -7 9 8
39216 20 20 8
80354 -10 5 7
78825 6 14 8
21705 12 17 7
76862 -4 6 6
4117 -2 13 9
74158 3 14 9
35785 10 13 6
40616 10 15 7
51560 4 13 8
62277 17 20 8
82147 10 15 7
27360 14 14 6
72107 6 11 5
7763 2 5 4
29301 19 19 7
79956 10 13 6
58953 -3 4 5
13159 1 9 6
2704 14 18 7
829 -5 9 7
33405 2 10 7
77104 11 13 6
95961 0 13 9
56325 12 17 7
12999 1 4 4
74142 5 15 8
75389 8 14 6
74663 1 10 7
75051 -3 9 8
79586 -9 8 8
1824 11 16 8
56560 14 16 7
28144 22 22 8
49719 2 12 8
49430 16 21 9
1394 -3 6 5
37457 16 20 8
1846 12 12 4
69135 9 15 7
47114 16 16 6
38072 21 21 8
41895 10 20 10
84020 0 10 7
37775 5 15 9
27476 15 19 8
22209 14 14 5
77728 -4 9 8
27020 19 22 8
84390 -2 12 9
3721 1 6 5
70738 8 15 8
69886 -11 6 8
91668 29 29 9
71979 -6 8 8
17469 13 17 7
82849 -11 3 5
37026 5 13 7
70602 4 17 10
45731 -3 10 8
77878 23 23 8
65699 1 10 7
76637 14 19 8
87137 5 13 8
41271 1 13 8
6583 6 13 7
89878 17 17 7
95497 6 6 3
27444 0 8 6
28623 1 12 8
27704 22 22 7
42069 3 10 5
78752 0 9 7
80879 10 18 9
19057 12 16 7
20288 9 10 5
84437 -2 10 8
78170 2 10 7
2186 15 15 6
23358 -2 12 8
3893 3 12 8
29088 4 11 7
59602 -4 5 5
66426 5 13 8
24406 3 7 5
65751 9 15 8
35989 12 20 9
90818 4 11 6
8453 -3 8 7
893 16 18 8
14821 -2 11 8
19715 -3 9 8
43832 19 22 9
59429 13 13 5
54898 -2 12 8
50567 3 13 8
31099 6 11 7
88067 7 15 8
73827 -1 7 4
716 -1 10 8
64145 11 14 7
86739 11 15 7
53024 5 13 8
97467 20 20 8
16608 16 21 9
22456 -3 7 7
5078 5 10 6
25043 5 14 8
96113 9 11 5
51096 9 15 8
40769 -5 7 6
25725 -4 12 9
59950 8 13 6
49155 1 11 8
40411 16 16 6
2069 7 11 5
88292 2 10 6
82129 15 20 9
51400 4 9 5
14357 10 13 6
52760 3 10 6
57237 22 25 9
46716 0 9 7
99754 4 13 8
53985 -11 9 9
84387 -1 9 7
91775 13 16 7
98496 -2 7 6
79000 3 13 8
38500 0 14 9
59616 16 21 9
53670 14 17 8
6182 15 15 6
87477 6 15 8
26871 -7 8 7
82130 5 13 7
41370 5 11 6
77978 -1 6 5
31880 5 14 6
51071 19 22 9
71061 11 13 5
79035 16 16 6
52176 5 11 6
60062 1 12 7
61013 5 13 8
43698 6 11 6
26003 -3 6 6
58443 7 16 9
80454 24 24 7
29943 9 13 6
50638 2 12 8
41477 5 16 9
46749 12 17 8
73470 9 12 6
23765 8 16 8
29552 -7 4 6
12093 3 10 6
12601 15 18 6
85737 2 12 8
51511 16 18 7
31903 19 19 6
95925 4 11 7
88982 5 13 8
52433 -5 10 7
15349 6 16 9
39253 20 22 7
77294 1 9 6
31766 -2 5 5
62241 -1 10 8
83067 6 15 7
36131 3 15 9
28485 7 12 6
50190 11 16 7
44895 2 7 5
75764 -4 12 9
51580 -15 0 5
8313 6 14 8
15233 -4 9 8
98018 9 13 6
61236 11 12 5
27505 0 10 7
57375 -1 10 8
54208 -1 7 5
39981 3 9 5
6897 15 17 7
87332 10 15 8
86014 2 9 6
94070 3 11 5
10655 20 25 10
67254 11 16 7
66003 -4 5 5
6538 9 14 6
5058 2 11 7
73496 9 14 7
98732 -8 7 7
86111 5 15 7
89305 0 10 7
5355 17 19 7
25213 21 23 8
40022 6 11 6
50126 4 12 7
92984 19 19 7
99418 20 23 8
11364 -4 9 7
7221 16 17 7
1441 12 17 8
60152 3 6 3
49760 4 11 7
84364 -7 4 5
29828 12 19 9
96873 16 23 10
97202 14 18 7
47212 -2 4 5
87047 9 17 8
42204 -2 10 7
71007 7 16 9
32639 0 13 8
61754 6 12 7
6933 20 20 7
70198 15 18 8
79089 5 15 9
49149 5 12 7
81042 -6 6 6
76200 12 14 7
44736 -3 3 4
63742 15 18 8
26817 -1 7 6
35050 -2 10 7
51091 11 15 6
45338 15 18 7
73979 16 20 8
57616 15 19 8
69943 -1 10 7
53309 7 8 5
75489 19 19 7
56196 11 17 8
5903 8 13 7
17879 1 11 7
40111 -4 13 10
96541 14 17 7
77895 9 14 6
78668 3 14 9
67926 -3 10 8
72672 -5 9 8
53012 3 6 4
13142 9 12 6
99495 6 11 5
31850 -6 8 7
52606 -5 9 7
44892 4 11 6
4228 -1 14 9
41379 11 15 6
25920 -2 7 6
2911 24 26 8
41178 10 19 9
60567 13 18 8
18396 11 17 8
95242 2 5 4
66113 12 17 8
51771 -2 13 9
49744 -4 5 6
80595 12 16 7
12385 10 13 6
87654 1 10 7
16754 9 10 5
81072 8 12 5
96018 -2 6 6
13055 9 13 6
69821 8 17 9
73956 -8 5 6
19599 0 7 4
11239 -1 8 6
10326 14 20 8
7052 23 23 8
62230 -8 9 8
84543 12 17 6
2997 11 11 5
45533 -6 5 6
19963 11 16 8
46156 22 22 8
41260 8 15 8
41102 5 11 6
75248 3 12 8
9285 4 11 7
86006 15 20 9
46802 17 17 6
30874 -8 6 6
22670 -1 12 8
67637 -2 9 7
76247 4 10 6
51945 7 10 5
47772 5 14 8
35681 19 20 7
63369 13 16 7
57218 8 13 6
12051 5 5 3
29648 5 15 8
37043 10 13 6
77819 21 21 8
67033 2 12 7
25676 7 15 8
19287 13 16 7
68531 15 17 7
4177 2 12 8
98273 17 21 8
42162 -9 8 8
45485 0 7 6
67647 5 10 5
26412 17 19 8
55877 18 18 7
9135 3 11 7
2576 -2 6 5
23383 14 22 10
45211 9 14 7
98412 20 24 9
18248 16 16 6
92715 5 13 7
21242 -2 9 7
9957 14 16 7
64346 0 7 5
86683 16 21 8
96207 11 16 8
8121 13 16 7
35640 -2 1 3
62460 5 13 8
43422 -6 7 6
49201 2 11 7
72448 16 16 5
40935 11 16 7
20958 7 12 7
57973 18 18 6
75497 10 11 5
81191 0 10 7
9083 2 10 6
76269 -7 7 8
83930 2 12 8
20933 5 16 8
36508 3 11 6
72242 5 13 8
15848 10 10 4
87776 -5 9 8
36794 0 9 6
81510 22 22 7
63914 -8 9 9
56088 15 19 8
855 -1 13 9
66625 23 25 9
54261 7 13 7
15302 -4 5 5
54395 9 14 7
35969 10 12 5
42211 9 13 6
81216 9 14 6
47203 13 18 8
71869 10 13 7
62926 15 19 8
26291 6 18 10
699 -4 9 7
75336 4 14 8
892 -3 9 8
6588 19 22 9
17869 15 15 6
65189 1 10 6
50334 -3 11 8
54992 10 17 8
99664 2 11 6
33175 10 12 6
42999 6 13 7
77668 9 16 8
9089 7 15 7
46182 0 10 8
22769 -5 4 4
28652 15 15 5
77385 2 7 4
12863 -9 5 6
11025 -3 11 9
5456 0 14 9
9247 18 18 6
62253 8 15 8
16768 -6 9 7
97705 7 16 9
51128 13 13 6
19514 17 19 8
5069 1 11 7
71087 20 20 6
89969 0 8 7
93765 6 11 6
95297 -1 8 5
6659 4 13 7
98715 -9 1 4
16669 -10 3 4
56610 11 16 8
14018 -1 11 7
77269 11 15 6
49415 7 14 8
17724 5 15 8
87709 11 16 8
75948 11 18 9
49970 11 16 7
94200 24 24 8
94775 7 15 8
18946 13 16 7
41421 12 16 7
37046 -1 11 8
78160 -4 8 7
25544 0 9 7
58947 5 9 6
37240 -3 9 7
18528 11 15 6
95722 13 18 8
25066 15 16 7
16923 -8 6 7
33027 9 13 6
98789 7 15 8
48496 11 16 7
98773 15 18 6
53743 1 7 6
78852 1 12 7
13201 4 8 5
69832 5 12 7
91708 8 17 9
26937 13 18 8
63949 3 15 8
67866 4 8 5
8124 4 11 7
19982 -3 10 7
52826 1 9 6
14107 13 19 9
74481 1 11 7
80196 3 10 6
85588 -4 7 7
52321 8 8 4
68633 17 17 6
19158 21 21 8
25646 7 10 5
98130 5 9 5
10075 10 14 6
98135 -5 9 8
7560 12 21 10
35683 3 16 9
40310 4 11 7
85994 16 20 8
70982 -5 9 8
34595 1 12 8
13573 10 19 9
1816 -4 8 6
34443 8 13 5
43100 13 15 6
26833 -7 5 6
39311 -2 9 7
96429 13 19 8
31595 -1 11 7
31839 15 19 8
91636 15 20 8
10528 10 18 9
80501 -6 6 6
49954 -15 2 6
3671 -5 8 7
69946 -7 2 4
41200 2 6 5
83265 9 17 8
2835 -6 6 7
17409 25 25 8
86643 13 16 6
59882 14 17 8
50618 1 11 8
11249 1 11 6
52916 16 16 6
82371 2 10 7
46430 21 22 8
5829 -10 8 9
76077 -13 2 6
92567 4 14 8
13293 -4 8 7
56297 15 15 6
63142 0 5 3
19299 17 17 6
70730 2 10 5
36533 -1 8 6
62424 16 18 6
81154 9 14 7
936 15 20 8
74155 5 10 5
45314 1 9 6
29884 10 15 7
36188 12 16 7
37475 -2 13 9
29447 4 17 10
35146 1 11 7
79477 12 17 8
74485 10 15 6
32459 -22 2 8
37122 5 13 8
6669 -1 11 8
85890 -18 3 7
2179 20 20 7
8118 4 17 10
78436 -1 13 8
80711 10 18 9
40813 10 18 9
76291 -3 9 7
7471 10 15 7
1783 4 10 6
15779 11 16 8
70189 22 22 7
20471 7 16 7
50688 12 16 8
69167 2 16 10
95168 2 14 9
46800 22 26 10
91551 4 12 7
27641 1 9 6
62950 -6 8 6
44487 5 10 6
74275 8 13 6
36195 3 12 8
67402 18 19 7
9710 -4 9 8
24683 10 13 6
78172 5 8 4
92154 -1 8 6
65790 7 11 6
65543 9 10 5
18541 12 16 7
12208 15 19 6
46019 20 20 7
94118 -3 9 8
45273 0 10 7
75012 -1 8 5
20600 -3 7 6
11986 8 13 7
85612 0 10 7
93181 11 15 7
3942 3 10 7
41810 12 12 4
80110 14 18 8
29631 -2 6 6
24638 8 16 7
79150 3 13 8
36579 9 14 6
48347 13 16 7
43852 3 8 4
59992 2 11 7
27330 11 16 6
25929 11 14 6
32955 5 13 7
56580 9 11 6
75586 14 18 7
11654 10 10 5
89331 23 23 7
88816 5 13 7
82298 7 13 7
75436 10 16 7
92090 -12 2 5
17591 1 13 8
22318 12 12 5
81497 11 11 5
9794 21 21 8
52859 2 10 6
20019 -2 10 7
10405 8 17 9
94639 14 20 9
86295 17 20 8
60447 12 15 7
51020 -1 8 6
4258 21 21 8
98074 7 15 8
50423 -3 9 8
39779 12 17 6
50914 16 16 6
16708 9 11 6
66794 -2 6 5
82588 -2 7 6
42150 1 6 4
63380 -7 6 6
69610 1 11 8
41617 -4 1 2
11580 4 10 7
57933 -6 9 8
47414 -8 11 10
35516 21 23 9
25535 10 16 7
33031 -10 3 5
58036 10 16 7
71998 4 8 6
34640 -1 13 8
41909 11 11 5
53859 -2 12 8
65522 -1 8 6
45071 -2 8 6
12477 10 19 9
36859 5 9 6
88344 4 9 5
90435 19 24 9
63741 1 11 8
85689 2 10 7
23959 0 7 5
95399 -2 6 5
55424 13 19 9
91252 3 14 9
9611 4 15 9
11699 1 10 7
15256 17 21 8
91919 -7 5 5
10546 3 6 5
36287 1 10 7
67228 2 7 5
2225 3 13 8
47181 20 22 7
30153 0 11 8
5743 15 15 5
32983 -10 7 8
95298 -3 6 6
17675 -9 7 8
35693 20 20 6
89093 -5 10 8
53318 20 20 7
54569 19 21 8
74999 -8 6 7
93952 15 20 9
4595 0 10 7
96919 13 18 7
31628 3 12 8
2615 -10 7 8
35927 16 16 5
41544 -12 3 6
60051 2 11 7
63143 19 19 6
8721 14 14 6
55652 6 14 6
59276 10 13 6
28918 13 13 5
97663 7 14 8
23294 8 11 4
56680 4 17 10
242 18 21 8
68389 6 14 8
17242 10 12 5
28331 9 15 7
93125 0 12 8
32436 9 11 5
3652 1 11 8
81379 24 24 8
4882 15 21 8
59687 4 12 7
56635 9 18 9
88145 8 11 6
9784 2 10 6
63551 11 15 6
79117 6 11 7
37975 13 14 5
70368 2 8 5
86832 12 16 7
24335 -16 2 7
52877 -8 10 9
32844 5 10 5
73583 11 16 8
76950 11 11 4
52057 24 24 8
70191 1 11 7
52053 5 16 9
40180 3 7 4
84468 3 13 7
18294 1 15 9
76516 10 11 6
9359 17 20 8
87775 6 10 5
61165 19 19 7
8553 3 8 6
73399 10 16 8
59894 7 12 6
54880 3 10 6
65551 8 13 7
1443 25 27 9
28684 15 20 8
15027 12 21 10
51215 16 16 7
95014 -3 9 7
80790 5 13 8
65451 5 15 8
24615 0 10 6
67151 1 6 5
60005 5 14 7
70227 18 18 7
89610 7 11 6
70495 7 7 4
16632 -1 10 7
27746 -1 10 7
80749 -2 7 5
47483 20 22 8
6942 9 16 8
7262 3 10 6
33934 6 11 5
79302 16 17 7
14291 18 21 8
59451 15 16 7
23974 2 7 4
80967 -4 7 7
6041 1 12 7
63154 6 16 9
72119 -5 9 8
15882 2 9 6
17967 -2 8 6
92160 9 17 8
52046 5 16 9
11116 3 12 7
61054 7 12 5
54754 19 21 8
52498 25 25 9
64986 3 12 7
86401 10 12 5
82408 -3 7 6
23892 13 13 6
45057 7 7 3
69951 15 19 8
64910 7 11 6
1807 1 9 6
60913 18 22 9
55090 6 14 7
95123 1 9 6
4508 -8 7 8
11965 17 17 6
24278 3 13 8
47159 14 19 8
74361 13 15 6
29841 7 17 8
75890 12 15 7
73408 22 26 10
21086 12 12 5
90875 8 13 6
29492 1 12 8
70511 7 8 5
15174 11 11 4
54682 11 13 6
29659 -9 4 6
35609 3 12 7
21405 17 17 7
7520 -8 11 10
60 5 14 7
22121 -9 9 9
8148 5 8 4
65616 20 20 7
79344 15 19 8
95447 16 21 9
40162 25 25 9
86198 15 18 7
26654 13 16 7
23904 5 17 9
8491 15 20 9
62416 1 7 6
45631 13 19 9
97484 11 11 5
84246 -3 9 7
85155 15 15 6
56372 5 9 5
40224 -2 10 8
96185 14 14 5
51264 1 8 6
95666 4 15 9
5962 5 12 7
94001 21 23 9
75044 12 12 5
98307 0 7 6
68333 1 10 6
78534 2 4 3
94511 7 12 6
26457 2 11 6
45139 1 13 9
90582 10 18 8
22129 -3 6 6
89212 12 14 7
15173 7 12 7
78353 -2 10 7
81945 20 20 6
52198 14 19 8
25705 8 13 7
63975 -4 9 8
60418 -6 1 3
54419 -4 4 5
98762 4 10 6
54820 -2 12 9
92410 9 12 6
49724 9 12 6
13833 0 9 6
81900 5 16 9
58388 0 12 8
81333 9 14 7
24071 9 9 4
17955 5 13 8
23570 11 11 4
69083 -4 6 6
27037 7 15 8
93425 3 11 7
21414 10 15 7
33602 3 11 7
67821 19 23 9
70551 10 13 5
82217 14 15 6
31281 11 12 5
138 -1 6 5
60880 12 19 9
7947 6 18 10
27931 5 11 6
87700 7 12 7
26753 4 15 8
12380 6 14 8
64164 -2 8 6
81932 6 14 8
75722 21 21 7
39900 -10 7 8
9099 9 14 6
48513 -1 7 5
92829 10 10 4
90357 -1 7 6
78609 0 13 8
18088 15 22 9
83787 13 18 8
72426 17 20 7
69095 7 14 8
69392 11 15 6
72723 4 13 8
10104 1 15 9
51159 -3 6 6
8569 2 12 8
99603 -3 10 8
63796 20 23 7
35309 10 17 8
56375 -4 11 9
47577 -12 6 8
70256 5 15 8
40858 -1 7 5
74628 -3 9 8
15873 8 16 8
53217 7 18 9
9424 17 21 8
39886 14 18 8
4556 -6 2 3
83376 12 20 9
44418 20 20 7
40926 18 18 7
42448 2 9 7
21660 -6 8 7
1778 -6 5 6
34092 9 12 6
45779 2 11 8
29881 0 8 6
57767 16 16 5
15620 16 20 8
31732 15 21 8
81612 0 11 8
67704 1 10 6
73986 -6 6 6
5762 14 15 6
63658 28 28 9
94504 13 13 5
70334 9 15 8
53575 5 10 5
54551 1 10 6
35607 3 15 9
29997 20 20 6
2503 23 23 8
10233 -7 5 6
29939 1 15 9
37160 5 12 7
59319 13 19 9
2866 7 11 6
58000 30 30 10
48770 9 18 9
36013 -2 11 8
56041 1 7 5
62392 17 21 9
31238 8 13 5
76325 1 11 7
35754 2 15 9
77488 27 27 9
26439 7 14 7
36696 17 21 9
57208 10 10 5
9000 11 11 5
63969 6 18 10
86889 -1 13 9
27201 8 13 6
42393 6 11 6
12986 -12 2 4
18813 5 8 4
4233 14 15 6
14750 15 20 8
97974 17 21 8
11141 -13 7 9
54396 1 11 7
86321 17 17 6
72647 7 12 7
85194 17 17 5
19865 2 11 6
37753 3 12 7
58778 -7 6 7
80183 1 13 8
43573 16 21 9
47948 9 16 8
35572 9 14 7
12777 13 17 7
66392 8 12 7
17427 13 16 7
771 -2 8 7
40594 16 16 5
48224 15 20 9
51657 24 24 8
67294 -6 12 10
81068 5 11 5
84228 5 13 7
94409 0 9 6
51075 10 18 9
96132 18 18 7
12959 11 19 8
58477 5 12 7
78262 3 12 7
66575 2 9 5
49031 10 12 6
81638 -9 6 8
44124 14 14 6
98525 10 14 7
52731 0 9 7
6743 11 15 7
28102 -5 2 4
72926 13 13 6
90844 12 14 7
23469 4 9 5
47552 3 13 8
29033 5 9 6
89255 4 9 5
34139 -5 6 6
47111 -11 5 7
95083 7 9 5
52951 5 10 6
75951 -1 12 9
77745 4 9 6
97734 23 23 8
84679 17 18 6
66411 15 18 8
94675 11 16 8
64671 18 18 7
47875 14 18 8
64213 5 16 9
83306 22 22 7
56686 1 9 5
81833 -4 10 8
65818 -2 8 7
79564 -1 10 7
10707 8 13 7
69331 0 9 7
29593 1 6 4
60299 3 15 8
35959 0 12 8
97389 14 15 6
83653 4 14 7
64951 9 9 5
6773 8 13 7
5526 1 9 7
19966 -7 3 4
57872 -8 4 6
61738 2 11 6
33088 -2 7 6
3945 8 12 6
23725 13 13 5
88415 -12 4 6
19546 7 16 9
67718 6 18 10
78428 21 23 9
44505 0 12 8
18729 -17 3 7
52086 -9 5 6
47221 -1 10 7
16137 4 10 7
96748 11 16 7
54016 1 10 7
71976 -7 7 8
81699 13 15 6
79110 22 22 8
15408 8 16 8
16092 -10 4 7
77530 5 12 6
45980 14 17 7
7915 -1 6 5
77534 -12 7 9
80214 0 13 8
50693 -4 6 5
21738 -4 5 4
7541 -13 4 7
96623 13 16 7
71556 24 24 8
22289 12 17 8
57114 12 15 6
80565 26 28 10
90864 -13 2 7
74208 10 15 7
47494 5 12 7
13455 4 12 7
54782 18 24 10
93307 21 21 7
51635 -8 6 7
76787 -8 8 8
30815 22 22 7
61075 6 11 5
84820 3 6 4
73490 -6 5 7
89743 13 15 7
71483 -1 8 7
58715 13 17 8
5650 -6 6 7
18546 8 13 6
68025 -7 7 8
74662 12 17 7
71371 13 16 7
69923 6 12 7
24545 19 23 8
2898 5 9 5
61077 2 9 6
51717 0 7 6
37552 -1 7 6
133 -2 7 7
14700 11 16 7
72269 5 12 6
77838 4 9 5
17812 -11 6 8
77403 3 8 5
94957 11 18 9
9690 5 13 7
42242 -11 7 8
42330 6 15 8
68522 3 12 7
98240 21 21 7
41193 10 13 6
54616 -4 5 5
92782 4 11 7
86130 9 17 9
85354 3 5 4
76207 1 8 5
31374 24 25 9
47943 22 23 8
69575 -1 4 4
50681 13 17 7
83949 -1 4 4
94433 0 5 3
66828 3 12 7
14865 -7 5 6
29503 24 25 9
65575 14 14 5
86241 26 28 10
71898 13 16 7
98441 1 11 8
52650 5 9 6
42301 0 9 6
59325 8 13 7
37777 4 13 7
62678 8 8 4
95293 16 20 8
39958 6 11 5
16825 7 16 8
18717 9 18 9
34939 16 18 7
361 2 9 7
48737 0 10 8
65647 0 8 6
81989 5 10 5
96550 18 18 6
18323 4 9 5
87684 8 16 8
34388 7 12 7
76461 14 14 5
63264 2 9 6
38210 -4 8 7
33908 9 17 9
94806 17 21 9
49844 -2 6 5
48520 9 14 7
89038 19 22 9
72824 8 12 7
65408 1 12 8
54494 -7 8 8
98729 7 14 7
79493 12 16 8
52730 -4 9 7
59002 8 13 6
74780 12 15 7
41317 1 13 9
7524 17 18 7
17960 16 21 9
95491 12 16 7
50348 26 26 7
375 23 23 7
87276 0 13 9
22118 2 9 6
67623 3 8 5
9802 7 8 3
35951 10 13 7
78860 13 13 5
7696 -1 7 5
6471 4 12 7
85713 -5 7 7
55644 -8 9 9
80365 -1 12 9
93585 -9 4 5
12821 3 13 8
37715 6 16 9
62049 6 6 4
69042 3 8 5
19268 -2 13 9
96192 5 10 6
74162 5 13 8
73300 2 10 7
29131 19 19 7
23611 -2 10 7
7556 5 13 8
48491 19 24 9
4634 4 11 7
82457 5 14 8
66944 9 17 9
11349 3 12 7
97395 -6 10 9
34149 -11 1 5
32708 -9 8 9
32979 10 10 5
13738 13 17 8
21464 12 20 9
15120 3 12 7
41218 1 12 8
44791 13 17 7
94076 13 15 6
39974 11 18 9
62724 5 15 8
68715 -4 8 7
53324 23 23 7
62296 14 22 10
83331 7 7 3
83660 3 13 8
80938 11 16 7
90451 -2 10 8
68748 -1 6 5
1919 11 11 4
59233 15 18 7
13285 5 7 4
6710 -3 7 6
21582 13 16 7
1026 7 14 8
20356 2 6 5
52518 -7 9 8
71220 -1 12 9
76011 3 10 6
35127 -3 6 6
77912 3 12 8
57449 -5 9 7
76478 5 10 6
23165 18 20 8
37434 7 12 6
9608 8 13 7
61732 7 15 8
38192 2 12 8
17423 11 13 5
45856 -5 3 4
42050 -2 12 8
24402 11 11 4
82912 7 16 8
63215 -4 7 7
37447 2 11 7
43157 19 19 7
80357 9 17 9
46376 11 16 8
12952 8 12 6
36000 2 11 7
20298 7 10 6
81488 8 14 7
23422 12 17 8
71001 2 4 3
68931 5 15 8
82042 10 18 9
25071 6 13 7
15305 15 15 5
33951 15 15 6
89453 -7 3 5
89340 3 10 7
90377 -10 9 9
20887 -3 9 7
73058 13 16 7
1922 12 20 9
89313 -7 4 6
96948 -5 4 5
74348 9 10 4
45586 9 15 8
82942 -1 7 6
45750 20 20 8
42851 1 7 5
6687 18 18 6
31298 -3 4 5
11601 7 12 7
66340 10 17 8
52569 21 21 7
90593 20 20 7
36507 13 13 6
70645 -4 9 8
5344 10 10 3
35599 1 12 8
72423 9 11 5
78540 5 15 8
25220 1 11 6
64672 16 16 6
15954 3 7 5
51734 3 10 7
91156 10 13 5
97972 10 18 8
36681 -17 6 9
21476 5 14 7
24389 4 14 7
32361 -6 9 8
1880 1 6 5
99615 10 15 7
13297 -3 10 7
56831 7 18 9
6282 14 16 7
8230 0 8 6
83727 2 14 9
13109 14 22 10
54565 20 21 8
31086 15 20 8
4310 -7 9 8
51146 -1 8 6
14682 6 13 7
68926 15 15 6
90741 18 18 6
65005 3 13 7
79404 -5 7 7
22483 15 16 7
83263 -5 6 6
14802 2 12 8
40788 12 17 8
53841 -7 9 8
10559 18 21 8
9483 -2 1 3
4648 13 15 7
71064 16 17 7
29114 19 22 8
41347 4 9 4
7113 12 16 7
53494 14 20 9
76490 22 22 7
5176 19 20 7
51190 -3 7 7
45000 1 13 9
19049 -7 9 8
82199 12 21 10
84474 -8 9 8
3884 2 11 7
44834 10 13 7
6024 10 15 7
94569 16 16 6
97312 7 14 6
14362 12 12 5
16551 -5 8 8
48322 7 16 8
36808 1 11 8
84131 7 10 5
38108 11 15 7
84439 -9 5 6
37953 -1 10 7
54771 -3 10 7
8305 5 10 6
94867 6 13 7
50922 5 17 9
82036 2 7 5
46130 -4 9 7
21057 14 14 5
45613 23 23 8
35795 22 22 8
31788 -2 9 8
36349 12 17 7
27752 14 14 6
72612 -3 10 7
18445 6 8 5
85165 2 11 7
12409 0 12 8
43714 9 12 6
73052 18 24 10
61867 19 19 6
19720 13 19 8
77010 -3 8 7
65415 17 17 6
76298 13 13 5
16311 10 16 8
72369 24 27 10
85698 8 17 9
10140 -5 5 6
44153 -7 5 5
12189 -5 11 9
85115 -3 11 8
28034 1 10 5
33226 17 17 5
35636 25 25 8
24292 14 20 8
59597 15 15 6
80958 11 14 6
76133 9 11 5
82619 5 12 7
14215 1 12 8
41464 20 25 10
65192 0 5 3
21450 -2 8 7
12068 17 18 6
95446 0 8 5
57898 21 24 9
93555 13 16 7
72451 -6 7 6
47149 3 11 7
2531 0 2 2
48745 3 8 6
25727 9 10 5
10290 -1 8 5
24079 23 26 9
84087 10 13 7
32007 10 15 7
85270 15 20 9
28352 6 13 7
62934 2 10 7
39700 12 12 5
78544 -8 9 9
54969 -4 8 7
6246 12 21 10
74725 -8 3 5
98927 -10 6 8
87464 -6 10 9
9082 4 12 7
4505 -10 3 5
5030 0 10 6
96578 3 15 8
86456 5 15 8
32429 -4 12 9
35485 12 19 8
14231 8 13 6
89110 11 18 9
76481 -2 8 6
65449 -5 9 8
3391 12 13 6
99180 -5 7 7
27981 24 24 8
70657 -18 3 8
10273 8 16 8
32751 9 16 8
2430 17 19 8
64815 -11 8 9
54815 7 11 6
77643 3 8 5
24135 15 18 7
70566 5 16 9
74574 0 12 8
92474 5 17 9
41532 15 17 7
60533 4 13 8
2923 9 16 8
42521 8 14 7
17861 8 15 8
12173 3 7 4
34386 12 19 9
50920 7 14 8
71202 -7 7 8
10996 12 15 7
69145 0 11 7
46629 5 10 6
89970 19 24 9
8172 20 20 6
42368 8 10 5
14153 4 12 7
80302 8 8 3
27973 -3 10 7
92900 6 14 7
98248 -6 4 4
57105 13 13 5
52968 7 12 7
91710 9 13 6
32279 -7 6 7
92905 13 17 7
29168 2 9 7
55363 8 13 6
17999 12 18 8
95861 1 11 7
77984 12 16 7
1805 17 20 7
98089 14 17 8
56491 -5 8 6
75303 -13 4 7
23721 4 6 4
32866 11 15 7
97157 5 14 8
20267 13 17 7
41816 8 14 7
69510 4 7 4
90899 2 7 4
59698 0 11 7
45543 12 17 7
18295 -2 12 8
37828 13 19 9
14976 20 21 8
41678 2 16 10
82335 1 10 6
97144 12 17 7
86270 -6 7 6
78286 18 18 7
58331 -2 10 8
33650 -10 6 6
42116 10 13 7
38554 -14 2 6
64078 3 9 6
62473 6 14 8
61134 3 11 7
74015 7 13 7
43016 4 10 6
67418 -9 7 8
44874 12 12 5
64713 -2 6 5
92364 -1 8 7
47129 22 22 8
77916 6 9 5
19801 0 10 6
25599 6 11 6
40191 -2 7 7
14002 8 13 7
87636 17 22 9
12672 13 13 6
17487 6 12 7
37282 4 9 6
25708 -3 8 7
80257 -3 10 8
6780 5 15 7
44745 -9 5 6
73636 0 9 7
18213 13 17 8
86387 10 14 7
31131 3 8 5
2803 7 15 8
2004 13 17 7
69963 2 16 10
16687 14 16 7
42452 -1 8 6
70293 9 16 8
61428 -1 10 7
6375 8 15 8
69630 9 16 8
92213 0 10 7
44245 10 15 8
79419 17 23 9
26852 4 17 10
3580 14 18 7
73866 15 20 8
65608 19 20 8
80805 -6 2 4
26950 0 5 4
81517 18 21 8
40647 12 17 8
3858 11 16 8
13364 5 12 7
4093 14 14 4
3510 -10 5 7
63043 17 22 8
92342 -1 12 9
69299 -5 11 8
23107 1 14 8
31950 -8 6 7
89049 4 13 7
82644 11 15 6
23303 4 9 5
13012 7 12 6
23332 -2 11 8
551 -15 2 6
40820 11 11 5
76157 11 18 8
7632 -5 8 8
82076 9 15 8
1346 5 7 3
72891 4 9 6
81092 5 15 8
98820 1 11 8
68368 18 18 5
25692 1 8 6
82367 13 17 8
67897 16 21 8
20191 9 12 6
81448 4 11 7
80488 2 10 7
64125 2 9 7
74557 4 11 6
67593 4 13 8
23121 5 12 7
26695 0 8 6
83820 12 18 7
38531 4 12 7
69149 14 20 9
63845 10 16 7
28088 1 6 4
10137 6 10 5
9943 -3 2 3
85523 6 12 7
75930 -15 6 8
72746 5 15 8
58739 10 20 10
8346 18 18 7
27978 3 14 9
46628 4 11 7
14081 -4 6 6
93476 0 8 6
83596 7 14 7
52488 -1 5 5
21463 10 13 5
2836 9 13 6
12054 13 14 5
92938 14 14 6
46290 11 16 8
23980 21 21 7
18022 -6 11 9
12674 13 20 8
89293 26 26 9
99285 8 13 7
47980 -1 10 7
23966 4 17 10
56027 -2 7 6
87300 8 15 8
10924 13 13 6
91893 7 11 6
22027 2 14 9
83707 6 11 6
31640 -7 5 5
47142 14 14 6
52629 5 17 9
52038 11 16 8
91648 3 13 8
21841 10 16 8
7884 5 10 5
24002 11 15 6
41441 -12 5 6
87578 -7 4 6
40784 2 6 4
61177 5 9 5
51101 11 18 9
11345 7 14 8
16379 7 15 8
84540 21 21 8
23146 24 24 7
38346 3 15 9
83303 4 12 8
60165 10 15 7
70647 0 9 5
4069 -6 10 9
78111 8 17 9
88574 -2 13 9
25034 0 7 6
48879 -6 6 6
53687 10 15 6
80278 12 13 6
52750 4 7 5
56891 1 10 7
45521 4 9 6
1835 4 15 9
5153 13 17 8
45179 0 6 4
94041 -4 9 7
271 6 13 7
53804 11 16 8
237 9 17 9
41723 13 17 8
52827 8 13 7
87438 10 11 6
61295 15 15 6
72544 -1 10 7
41478 17 17 6
97918 8 11 6
78182 7 12 7
51842 6 11 6
11931 4 10 6
18949 -2 8 7
79680 13 18 7
31076 2 11 7
50277 17 19 7
34129 6 14 8
35629 21 23 8
15089 25 25 9
9703 10 16 6
44647 3 14 9
63712 8 19 10
37114 -1 9 6
12102 -5 7 6
1132 22 22 8
2091 12 14 6
71496 20 25 10
64232 -5 9 8
68598 -1 10 7
16987 14 22 10
12141 5 14 6
58309 0 11 8
27918 15 20 9
23081 8 16 8
49144 8 13 6
77155 5 10 6
81421 7 18 9
11250 10 19 9
63227 17 19 8
45933 6 14 7
84145 9 17 9
42428 5 13 8
1549 5 10 6
7974 11 18 8
94393 17 17 5
12499 20 20 7
37718 2 10 7
29937 -5 7 7
22270 9 18 8
83516 5 10 6
98498 16 20 8
25165 -4 13 10
21208 20 22 8
89985 13 13 6
78291 2 9 7
47605 4 8 6
26664 -4 7 7
51737 -4 5 5
70604 -6 4 6
37625 25 25 8
16606 2 14 9
75545 4 8 5
45629 8 10 5
69111 13 16 7
33264 9 12 6
52402 10 15 7
13181 10 15 7
6129 9 17 9
72960 -1 9 7
81892 9 9 4
70810 23 24 9
79038 18 18 7
65996 2 10 5
85462 12 20 9
52137 24 24 8
14249 12 15 6
25770 -1 6 5
15134 7 18 9
65000 5 12 7
15083 8 12 7
42537 12 16 8
1317 12 16 8
34525 6 12 6
81754 1 13 9
90736 8 13 6
29886 14 22 10
8158 19 21 8
17265 28 29 10
16678 18 20 7
40385 7 7 4
65233 2 12 7
60519 7 14 8
7066 8 13 6
11817 -1 6 6
67240 -3 10 7
71637 -7 7 7
65577 5 10 6
53834 15 20 8
47796 12 15 6
16494 9 12 6
60728 16 17 7
46390 2 9 6
47406 12 19 9
90178 3 13 7
61404 8 12 6
11518 -7 4 6
3307 -13 1 5
72978 12 17 7
81944 13 13 6
12148 9 18 9
94401 25 25 8
49258 -1 4 5
51416 3 15 8
99896 3 12 8
14860 1 10 6
59472 3 10 6
75534 7 13 7
70289 14 18 8
14457 9 13 6
8675 2 13 8
61930 -1 12 7
31517 11 11 5
93106 1 10 7
46165 0 15 10
57328 13 13 4
38213 3 8 5
28035 17 17 6
68741 2 14 8
32663 15 20 8
83734 -3 11 8
79280 4 9 6
52425 12 12 5
64498 4 9 6
75898 11 18 9
99673 17 20 8
32578 -2 8 6
30312 4 10 5
15266 30 30 10
60562 4 11 7
81872 -6 7 7
82085 8 12 5
62657 6 12 6
91518 11 17 8
23805 16 20 8
59809 10 14 6
45462 9 9 4
97480 20 25 10
5724 8 12 7
93639 7 14 7
32812 20 20 7
89643 4 7 5
80849 14 17 6
10979 9 14 7
54907 -7 8 7
16134 -9 6 7
46991 -11 7 9
2294 -8 8 8
43955 3 7 5
95472 6 11 5
79480 1 5 4
50454 8 17 8
4379 9 16 7
55049 0 6 5
50770 3 13 8
70406 2 9 6
38183 -5 8 7
11676 8 14 6
63854 14 19 8
65367 13 21 9
47152 12 17 7
31349 4 14 8
42229 10 14 6
16204 11 17 7
69802 1 6 4
35194 9 9 4
97676 6 14 8
59063 -1 11 8
79811 4 9 5
65808 14 19 8
77337 3 13 8
37583 17 17 6
12095 10 10 5
97966 8 14 7
10913 -3 9 8
64945 1 11 7
26173 7 10 4
88792 -2 13 9
26135 6 11 5
66050 9 17 9
57131 -1 8 5
72322 -1 6 5
43618 -1 11 8
32831 4 16 8
17693 5 9 5
16854 15 15 5
79495 -3 12 8
18218 -9 3 5
42779 9 13 6
45536 13 15 6
4015 11 17 8
46459 5 15 9
45159 4 12 7
37627 19 19 7
46773 -5 7 7
20758 7 12 5
27677 9 13 6
38935 12 13 6
72556 14 16 7
54699 10 20 10
94457 11 16 6
64535 3 11 6
37084 17 17 7
94524 18 19 7
68349 0 15 10
41562 16 20 8
37033 14 16 7
7669 5 9 5
107 0 5 5
54535 -9 7 8
50965 11 18 8
32754 7 7 4
40101 0 4 3
41393 -5 9 8
66498 -17 2 7
78300 14 19 7
33362 13 19 8
24182 -8 5 6
18635 6 12 6
74754 0 4 4
81258 0 13 9
33815 -2 6 5
95391 2 11 8
49780 4 14 8
63160 -14 3 7
42841 2 16 10
62134 -10 8 9
91021 6 15 8
99995 2 11 7
67954 -2 10 8
58705 1 15 9
34648 13 18 7
11224 12 17 8
66902 15 21 8
54054 3 10 6
95411 10 10 5
37080 2 11 6
17835 1 6 4
33617 10 13 6
10947 13 16 7
84539 1 9 6
34172 6 11 5
43949 16 21 9
87668 1 9 7
28956 3 12 7
65072 19 21 8
54059 1 11 7
68352 9 11 6
76499 5 6 4
3717 4 8 5
52535 7 11 5
68966 11 16 8
96044 20 22 8
15964 7 12 6
99249 14 17 8
79580 25 25 8
23646 14 20 8
91476 1 9 7
17749 0 10 7
17846 3 7 4
77260 -2 5 5
38800 3 14 9
77242 3 14 9
7458 0 8 6
24818 1 12 8
39178 12 17 8
11000 0 10 6
93837 18 21 8
57851 6 14 8
36302 6 11 5
42859 3 11 7
7099 2 11 8
32251 6 12 7
43767 -1 8 6
69631 26 28 10
40226 18 18 6
16272 7 15 8
58658 -4 4 5
75369 15 22 9
22534 5 13 7
23290 4 15 9
98091 22 24 9
96335 5 15 9
34877 16 22 9
23142 13 16 7
62196 23 23 7
16976 16 21 8
41296 -5 9 7
64383 4 9 6
64406 0 11 7
42053 11 16 6
21021 7 12 5
30168 -8 4 6
70808 -2 14 10
35060 -4 3 4
9097 0 13 8
66325 14 19 7
97077 -7 10 8
38397 11 16 8
89194 20 24 9
35228 8 8 4
28007 1 12 8
41759 -2 11 8
29746 5 15 8
167 6 12 7
11431 -4 10 8
90187 9 14 7
36183 0 9 7
19730 -2 9 8
10200 7 7 3
3130 20 22 8
40425 0 9 7
51772 -3 9 7
66630 3 11 7
89644 17 22 8
44002 1 4 3
99390 15 19 8
86046 8 11 6
71091 21 21 8
23366 0 12 8
110 4 8 5
26691 6 14 7
49886 6 13 7
27220 10 20 10
18394 5 11 6
39686 11 18 9
60089 -7 7 7
24753 -3 10 8
73662 8 13 7
63671 -2 10 6
37869 -9 8 8
58347 -4 13 10
31137 11 12 5
4223 -2 7 7
28699 24 24 8
1217 3 10 6
41796 5 15 9
65695 -4 11 8
61921 -1 6 5
18042 -12 1 5
4580 8 14 7
86925 20 20 7
32972 10 18 9
77213 25 25 8
65719 7 13 7
63121 -1 12 9
46407 5 10 6
58796 2 13 7
97166 1 7 5
73454 15 15 5
82727 1 15 9
80968 7 17 9
72950 -5 12 9
26408 5 13 8
99749 -6 12 10
64445 7 14 8
6091 17 22 9
22012 5 10 6
18385 2 11 7
28750 -2 8 7
37508 9 13 7
60816 8 11 6
78802 -12 1 5
32200 2 7 4
65859 -5 4 5
40443 13 13 6
78008 12 12 6
9353 9 15 8
20476 -1 7 6
91920 -5 3 4
63604 -2 7 6
69667 6 12 6
64669 10 12 6
31375 13 21 9
1741 3 13 8
830 11 19 9
53372 7 16 9
79479 10 18 9
67506 -7 6 7
77062 5 14 8
71410 2 11 6
70351 -5 9 8
60530 -11 5 8
8861 15 16 5
44747 19 21 8
54249 8 13 7
68386 14 22 10
52329 6 11 5
46461 7 14 7
72760 14 16 7
92171 4 12 7
49532 11 16 7
40028 -5 9 7
68809 1 9 6
9116 17 17 5
31045 10 18 9
18157 8 16 7
80634 -5 9 7
68285 9 9 4
9688 9 14 6
63088 5 9 5
60679 -2 11 8
14623 11 17 8
43001 9 14 7
9021 7 13 7
88263 -3 12 9
6402 0 8 6
12507 -4 8 7
10692 16 21 9
92035 6 15 8
19905 -8 3 5
25966 -5 2 4
52249 22 22 8
83346 20 23 9
39213 4 15 8
48267 0 10 6
19579 -1 13 9
1510 11 18 9
28321 7 12 6
58687 10 15 7
89774 2 11 6
70176 -6 10 8
49441 7 17 9
18845 6 12 7
64668 4 11 7
69689 1 5 3
41882 2 10 7
85881 16 20 8
97643 2 10 5
21232 -9 8 8
48296 -2 10 7
74819 2 7 5
87733 -4 11 9
6699 0 15 10
36634 5 14 7
71464 10 15 8
5007 1 12 7
83529 13 15 7
54840 4 12 7
70507 -15 4 7
84359 2 7 5
52626 26 26 9
60847 -2 11 8
6181 11 18 9
88042 8 16 8
29750 5 9 5
68952 5 11 6
37881 13 13 6
14703 0 9 6
57266 3 14 8
75105 19 19 6
29401 2 12 7
76467 -3 9 7
99064 -1 12 9
85245 0 9 7
68581 8 13 6
17050 -6 7 7
53749 13 18 8
53421 -2 6 6
65373 11 11 5
737 1 5 4
61158 9 16 7
26862 -5 8 7
76726 1 9 6
67951 3 10 6
40482 -1 10 7
80064 26 26 9
15696 2 13 8
19358 6 18 10
9538 -2 12 9
51691 3 9 6
22949 8 13 7
50307 17 17 7
94651 18 18 6
83436 9 12 5
29532 10 18 9
35534 3 13 8
958 -1 11 8
52742 7 11 6
31438 17 22 9
83071 -7 7 8
59539 6 9 5
2630 16 16 6
93890 5 14 7
5546 6 9 5
36583 17 18 7
92245 12 17 7
95573 11 11 4
764 10 12 5
39365 -10 6 8
59738 8 13 7
17278 16 16 6
16486 10 10 5
62435 12 17 8
31819 -5 5 4
270 -6 6 7
27088 1 6 4
34011 13 18 7
72633 17 22 9
40646 13 13 6
38702 -6 8 8
91006 14 15 7
35885 -3 9 7
30412 13 21 9
32456 2 12 7
10646 9 17 9
35002 4 14 7
40684 12 16 7
96809 18 21 8
13733 17 17 7
89295 8 8 4
52586 4 10 6
70543 7 12 6
51285 6 12 7
28106 7 12 6
28696 7 11 5
81388 -3 5 5
93139 9 12 4
6973 21 24 9
75551 9 13 7
76678 10 15 6
28115 4 14 7
70270 6 16 8
2556 4 7 5
36154 0 10 7
36256 11 14 5
879 9 15 8
98481 22 22 8
79830 5 10 5
98374 3 10 6
64573 -1 13 9
84164 12 20 9
11539 14 19 7
73877 5 14 7
92596 2 12 8
69818 5 10 6
84421 2 14 9
70239 -5 6 6
4999 -10 1 4
2523 9 12 5
29921 -3 13 9
88125 10 14 7
66566 0 2 3
33130 18 18 6
87532 26 26 9
95062 23 23 8
59043 12 16 7
57806 11 15 6
78042 8 10 5
43466 6 13 7
8454 13 16 6
68860 2 11 8
44266 1 12 8
24999 14 22 10
904 11 16 8
51912 -4 8 7
63587 12 17 7
61980 11 16 8
93975 -2 10 8
70867 9 15 8
87483 13 17 7
21256 -1 5 5
28809 7 11 6
97025 22 22 7
99004 10 19 9
9831 -2 9 7
15941 6 10 5
90841 16 20 8
93660 -10 5 7
5419 -3 8 7
2454 4 11 7
41219 12 16 7
81810 9 9 4
76514 12 16 7
2892 14 14 6
62059 1 9 7
99810 8 8 4
71800 3 13 7
97264 13 18 8
14446 8 16 8
87679 9 9 5
55439 9 13 7
86258 -2 14 10
28373 1 11 8
62081 -1 12 8
81003 17 20 8
50730 -1 11 7
42669 20 23 9
76894 -1 8 6
51467 6 14 6
88089 4 14 8
60555 23 23 8
84293 -1 10 7
53830 10 15 7
92430 12 12 4
38312 -3 6 5
63615 7 11 6
41821 2 13 8
86023 0 9 6
75824 0 9 7
27506 4 12 7
30111 10 17 8
68638 -8 1 4
84658 16 18 7
88806 7 12 6
47481 14 15 6
15828 9 11 6
43255 -4 8 7
47214 9 18 8
95569 6 11 5
7672 9 15 7
73582 -1 12 8
93935 6 11 6
17564 -17 3 8
93747 16 18 7
84345 -2 6 5
97536 4 13 6
64482 7 9 4
9300 11 18 8
88916 8 13 6
39715 18 18 6
15937 -7 6 7
16587 9 12 6
38626 8 12 7
50617 7 10 5
84860 11 18 8
51500 14 14 6
71686 8 9 4
61466 15 15 6
96106 4 13 7
89655 26 28 10
20377 14 16 7
88137 -1 8 6
58649 -4 11 8
48382 9 14 6
81114 -5 9 8
61062 10 10 5
85614 22 22 8
91284 6 11 6
3670 -3 5 5
4061 0 8 7
47317 19 19 6
85143 17 17 7
42464 12 15 7
94736 9 14 7
33058 11 14 6
56608 14 14 6
43896 4 11 5
35247 18 18 7
17817 0 11 8
99935 3 14 9
86951 3 11 6
28483 11 14 6
65700 2 11 6
71054 3 13 7
5590 8 13 6
8317 -3 9 6
74496 4 13 8
19738 13 13 6
46621 -1 8 6
99802 1 8 6
62466 -2 12 9
28490 13 13 4
85597 2 8 6
91407 3 10 7
7881 8 9 4
23182 13 18 7
31020 14 14 4
27771 -2 9 6
6003 17 21 9
17448 20 20 6
4726 7 11 6
21625 13 17 8
61891 13 19 9
59037 0 9 6
28095 15 20 8
91460 -6 6 6
31943 8 16 8
44872 -6 7 7
24842 4 10 6
22374 5 14 8
64157 15 15 6
69393 16 18 7
87345 14 19 7
252 3 15 8
80273 10 20 10
54603 14 19 7
77549 -5 11 8
29267 9 16 8
66190 5 10 5
5375 6 10 5
62112 2 10 7
98330 -17 5 9
10084 16 20 8
72266 1 13 8
51135 7 11 5
89034 23 26 9
32891 -2 2 3
12890 28 28 9
5630 -1 11 7
91563 7 15 8
99489 -4 8 7
80319 -6 4 6
40324 18 24 10
2639 -9 3 5
32917 -1 10 7
69450 4 12 6
74437 14 21 9
29343 3 12 8
30189 12 20 9
47938 6 15 7
45493 2 12 7
88707 11 17 8
512 15 19 7
20276 10 14 6
58348 -3 7 6
64950 0 9 7
95633 3 8 5
69087 2 13 8
19054 -6 11 9
94659 19 19 7
34752 1 7 5
37278 16 16 6
7357 1 10 6
40344 14 15 7
78225 17 17 6
72738 -2 10 6
22739 -20 2 8
95343 8 12 6
90671 5 14 8
55722 9 14 7
12901 11 11 5
36800 14 18 7
63283 -2 9 7
7271 2 11 7
93743 8 17 9
85430 2 10 6
6781 5 10 6
10116 11 16 7
83615 -1 13 8
57579 9 12 6
43102 10 18 9
55721 8 14 7
86719 14 17 7
22364 2 7 5
58529 3 13 8
88807 8 13 6
32937 9 16 8
73822 19 19 7
34972 17 20 8
54587 -1 7 6
83721 7 14 8
43338 0 3 4
59878 0 7 4
35447 11 18 9
94731 -2 9 8
51642 15 21 9
81098 -4 9 7
11647 -2 8 6
96388 -2 9 7
47449 -6 5 6
17208 13 17 7
11683 -15 7 9
43360 2 12 8
84305 2 12 8
84192 -3 7 6
41475 1 14 9
9331 24 27 10
80460 5 10 6
16407 7 12 6
9982 18 19 7
65927 14 17 8
50623 8 13 7
20043 17 19 7
62784 9 14 5
50361 -2 11 8
67996 6 12 7
72721 -4 8 8
90095 5 14 6
18674 -4 8 6
54867 18 18 7
31234 12 12 5
60787 11 16 6
74777 19 21 8
4959 1 15 9
63429 -2 4 5
26689 -2 10 8
26276 -4 9 7
53916 9 19 9
50202 12 20 9
33312 12 17 8
56208 0 10 6
65792 6 11 5
23854 5 12 6
20111 14 14 6
26283 12 15 7
77124 -2 10 8
80942 20 20 7
20351 6 13 8
5582 -3 8 6
33828 9 11 5
74981 12 16 7
31789 -1 12 9
61099 5 14 8
57096 7 17 9
53072 14 21 9
34767 15 15 5
91748 -12 7 9
72436 7 13 7
55976 17 19 8
56322 -8 11 10
45651 -3 8 7
55328 2 12 7
3180 0 9 7
18641 3 6 5
62386 7 12 6
74986 2 9 7
89626 3 13 8
54676 9 14 7
62757 7 14 8
44346 -5 12 9
67551 12 17 8
24994 10 13 7
49168 12 16 6
11409 8 12 6
54710 -6 8 8
80779 6 15 8
52442 1 7 5
44065 -1 9 6
94244 11 16 6
6521 15 19 8
4380 13 18 6
50319 7 14 7
54239 10 20 10
13852 9 18 9
9594 10 10 3
33344 -15 6 9
94741 8 12 6
55400 8 15 8
25121 5 14 7
18628 21 21 6
31352 19 22 9
97531 -10 2 5
77364 14 14 5
41329 -7 7 6
88854 20 20 7
8597 8 10 5
3192 15 18 8
89432 12 17 8
33247 9 14 7
19794 20 21 7
39486 -1 5 4
83617 12 19 8
98543 14 18 8
9616 -9 3 5
12057 17 21 9
51345 -6 8 8
3127 -3 7 6
27483 8 13 7
92787 11 18 9
50103 4 12 8
77700 15 20 9
56132 16 20 8
56749 20 21 8
44246 2 10 7
19403 -7 7 7
90542 -5 8 7
10255 10 15 7
89218 22 22 7
27191 10 17 8
10170 0 15 10
53866 12 17 7
85236 7 12 7
70789 18 19 7
98935 18 22 9
91892 23 23 8
46764 10 14 7
55350 -1 13 9
15324 15 16 7
26257 1 11 8
46578 24 24 8
96357 4 9 5
31171 14 17 7
17058 1 8 5
95759 5 14 8
33633 5 13 7
78913 11 18 9
33510 -3 6 4
2920 4 9 6
62337 6 12 6
43744 10 13 6
15549 16 16 7
96241 18 21 8
56052 -13 7 8
38179 7 13 7
24688 4 13 8
8338 10 14 7
33591 10 16 8
13046 2 8 5
43312 6 11 6
82552 15 17 7
26232 4 14 8
40398 5 5 2
19874 0 10 6
80953 19 22 9
78742 13 20 8
37756 17 22 9
97185 5 14 8
75450 9 14 7
75996 -2 5 5
79864 9 17 9
21909 7 14 8
71575 9 17 8
22862 7 16 9
91709 -3 8 7
60742 4 4 2
71174 12 19 9
5523 16 20 7
5252 10 13 7
92632 14 15 6
63082 4 13 8
41491 8 16 8
95936 -3 5 4
12656 7 14 7
43414 11 18 8
60938 21 21 7
62490 12 21 10
98852 10 15 7
66287 6 11 6
3628 -1 8 6
85303 -4 13 10
67401 13 18 8
92353 4 11 6
32411 30 30 10
61426 6 13 7
87360 14 17 7
16403 -3 12 8
12364 9 13 7
96822 -6 6 6
26391 19 21 7
41024 4 12 7
83144 9 9 5
5046 -7 4 6
23853 6 12 7
808 13 13 5
33432 12 21 10
44480 2 11 7
31987 6 9 6
7772 -6 8 7
31051 -4 11 8
80506 6 12 7
66092 6 13 7
25085 8 12 7
73625 2 7 5
5675 9 17 9
90386 7 17 8
6288 21 21 8
9861 15 19 8
85184 5 13 7
71122 9 17 9
91023 15 20 9
60250 24 24 8
15132 11 16 7
65248 14 18 8
97019 10 13 6
87690 3 12 8
87686 4 11 7
18658 3 7 5
69438 7 16 8
5469 5 11 6
40053 3 11 7
30172 19 23 9
17169 4 12 6
31118 -4 12 9
12383 2 6 4
89948 -9 5 7
74940 -9 8 8
39269 -7 5 6
35911 6 12 7
10573 0 8 6
65383 14 14 6
83179 11 15 7
35854 17 20 8
49129 15 21 8
82748 5 13 6
69341 2 10 7
1154 15 15 6
89817 4 12 6
11317 8 13 6
56966 11 13 5
25434 8 15 7
28345 18 18 6
99624 10 18 9
49832 -1 12 8
99244 -2 7 4
67543 9 14 6
71798 -1 8 7
94429 18 19 8
61712 13 19 9
45060 -2 8 5
65645 0 9 7
57044 1 9 7
96950 12 17 7
94219 -7 6 6
16206 8 9 4
84237 5 9 6
18891 -1 9 6
63843 5 14 8
45715 15 20 8
53744 4 13 7
22750 20 23 7
23585 7 10 6
12070 3 13 8
2468 1 8 5
11380 12 21 10
54720 -5 10 9
38292 -6 3 3
79545 19 21 8
37550 9 14 7
20449 -15 4 8
4848 3 12 6
53667 8 11 6
27338 7 12 6
72559 -4 5 4
96215 10 15 7
55783 -4 5 5
97606 -4 7 6
64146 3 13 8
89223 -9 3 5
82591 11 11 4
95924 5 10 6
90461 11 15 7
26431 22 22 8
27262 -5 9 8
93652 15 15 6
15796 15 20 9
80108 -2 10 7
72433 21 21 8
12185 -5 10 8
6369 7 16 9
92219 4 15 9
93949 -1 12 8
42278 10 16 8
9931 0 8 6
81664 5 13 8
25580 5 12 7
90950 -7 1 4
61052 9 14 6
7593 0 10 7
1729 -1 9 7
45584 -7 5 7
31461 -11 5 8
64211 -4 9 8
17682 -2 4 5
20951 14 16 7
76584 -2 8 6
97222 15 20 8
87186 -1 7 6
42490 -9 6 6
53512 -4 11 9
14010 10 18 9
52466 10 17 8
27639 -13 6 9
84691 -1 12 9
83597 -5 3 4
26231 7 12 6
85206 3 11 6
50848 -4 8 6
59566 14 18 7
89481 4 8 5
82343 -8 3 5
85877 3 13 7
73328 10 13 6
10279 4 9 4
65961 7 14 7
27208 11 19 8
50537 15 18 8
37478 7 14 8
73618 0 14 9
15675 16 18 7
32768 0 10 6
65275 9 9 4
11207 10 13 7
55104 6 13 7
87529 8 8 3
24592 10 14 6
84496 6 16 9
73560 16 18 7
9283 -7 3 5
73683 10 17 8
2865 -12 3 7
97511 15 15 5
60056 -1 6 6
27618 9 15 8
55423 2 13 8
95698 7 7 4
71914 9 9 4
96832 3 14 8
2045 14 18 8
31096 0 7 5
56612 19 21 8
98763 2 12 8
439 8 16 8
32735 3 8 5
17053 18 23 9
63581 4 9 5
33192 3 11 7
57333 10 20 10
74052 8 13 6
69367 5 13 7
77552 0 12 8
58295 8 12 6
90713 18 18 6
42729 2 16 10
19364 13 21 9
81929 13 21 9
84320 1 13 9
81624 7 17 9
78102 3 14 8
30348 16 16 7
23640 3 12 8
93117 -15 4 8
79611 8 13 6
15504 2 14 9
789 9 14 6
36556 5 9 5
19176 9 9 4
24415 2 11 8
55581 13 18 8
66840 1 11 7
25585 13 15 7
66579 4 15 9
81343 -1 9 7
41620 13 20 9
37433 4 9 5
85275 17 17 5
84091 9 19 9
8370 5 11 6
20163 12 14 7
72740 6 16 9
53502 13 19 8
78994 -1 4 4
53643 5 15 8
18320 19 20 7
61083 0 13 8
5701 3 13 7
42283 18 20 7
54712 13 15 6
64315 8 16 8
64422 15 21 9
89467 3 12 8
3279 16 16 7
40601 10 15 7
94399 8 19 10
94015 7 14 7
97465 5 12 7
34300 9 11 6
88165 8 13 7
11346 -7 2 5
28973 16 22 9
44433 6 13 7
99150 6 15 8
61127 -3 13 9
39708 10 10 4
65592 12 21 10
51823 -1 11 8
27484 10 15 7
79 10 10 4
52575 22 26 10
68431 10 15 6
5460 -1 8 6
10668 4 12 7
24028 -2 11 8
34151 20 22 8
71491 10 19 9
66980 14 16 7
40641 27 27 9
33653 2 7 4
16207 -5 8 6
86005 8 13 7
70131 0 7 5
98192 3 11 6
30556 9 13 6
18200 1 7 5
24535 5 14 8
95604 -11 4 7
84015 1 9 5
53759 -3 11 9
86291 11 16 7
11567 12 17 8
43459 1 6 5
68115 4 14 8
16898 16 16 5
24593 5 10 5
45863 2 11 7
66811 20 20 7
92001 6 15 8
85991 9 17 9
86884 -6 5 6
77405 -6 3 5
23005 10 13 6
72885 -1 8 6
30994 6 9 6
9951 -2 7 6
49055 0 8 6
39881 7 16 8
60193 20 24 9
3956 19 21 7
33216 4 10 6
70735 6 13 7
40011 -3 4 5
13337 -7 7 8
21564 -10 9 9
69400 24 24 8
72250 7 14 8
6413 -3 9 6
70596 6 15 8
96808 -3 12 8
82713 12 15 7
59804 5 14 7
98023 10 10 5
26401 4 13 8
49874 17 21 9
97885 8 15 8
58770 -7 7 7
82438 3 14 9
9620 11 12 5
44887 1 11 8
64365 -13 7 8
42632 6 14 7
60273 16 23 10
78669 3 14 9
16706 15 15 6
27304 14 14 6
92849 17 18 7
50918 14 18 8
37946 3 12 7
18771 8 13 5
50434 12 17 7
2764 13 13 5
83626 5 17 9
18038 6 11 6
11712 -12 3 7
37565 5 10 5
30428 -3 6 5
48075 19 19 6
38606 8 14 7
7287 14 14 6
50087 14 17 7
9592 13 17 8
61370 20 22 8
60018 16 16 7
60954 9 19 9
40805 5 16 9
45667 -6 8 8
72667 16 20 7
21899 -2 11 8
43998 16 16 6
83029 -1 10 8
25464 8 14 6
15249 4 10 7
69478 14 14 6
75515 9 16 8
84999 14 21 9
53707 9 14 6
95927 23 23 8
80518 7 14 8
48230 0 5 4
60094 3 8 6
4029 -7 8 8
42306 -7 6 7
65981 5 14 8
16285 17 17 7
55206 -3 5 6
29433 6 10 5
79866 -6 9 8
89766 -2 9 7
99304 10 14 7
6467 7 12 7
62312 6 15 8
27473 9 14 7
93291 -2 11 8
42287 18 19 8
28264 -8 6 6
7423 18 21 8
12942 -6 2 5
39657 8 13 6
95319 -2 6 5
98342 13 18 7
44579 -9 9 9
12568 13 18 8
58750 -7 9 8
99506 5 11 7
32495 1 9 7
66038 9 17 9
76620 0 13 9
77769 14 14 5
85586 -8 4 7
65527 -1 6 6
62206 8 18 8
46917 9 16 8
56262 16 21 9
32595 4 13 7
82290 -2 4 4
39386 -2 10 8
875 21 21 6
90581 7 15 8
97491 12 16 8
69405 -6 6 6
47005 1 10 6
98533 12 12 5
14178 5 10 5
2421 4 12 6
19414 14 16 7
68088 12 13 6
7227 3 12 7
91323 -3 11 8
24861 -6 6 7
94496 -4 3 4
69054 -13 5 8
87992 17 17 5
71396 2 11 7
44152 1 10 6
90336 3 7 5
19734 19 20 8
1996 6 15 8
73522 1 10 7
34467 9 10 5
44909 12 16 7
79422 -2 11 8
62146 -1 11 8
59536 8 13 6
25221 12 16 7
64251 5 11 6
61366 2 11 7
2455 5 15 9
12194 12 21 10
67990 -7 7 8
43239 2 9 4
91280 11 17 8
7934 4 13 7
43172 6 12 7
32893 13 19 9
74035 8 11 5
32383 10 10 4
78883 11 17 8
82049 -5 6 6
12266 4 12 7
93039 3 11 6
71143 -4 10 7
17216 13 13 5
30729 9 19 9
16827 18 18 7
90659 -3 12 9
72873 14 18 8
28445 6 12 6
82142 3 8 5
64560 17 19 8
29870 2 12 8
99759 13 13 5
56589 -4 8 6
53029 12 16 7
75576 -6 7 7
15127 7 13 6
99584 8 14 6
51886 12 15 6
46004 7 16 8
87457 -6 4 5
30559 -10 8 8
49985 2 11 5
74268 3 9 6
75661 -2 8 5
62975 1 11 8
71092 -3 9 7
69430 1 11 8
50871 -3 9 8
71600 1 9 5
21290 22 22 8
91797 21 25 9
87826 18 18 7
50409 8 13 7
5950 18 19 7
22702 26 26 8
76937 2 11 7
75314 12 13 6
10391 13 13 6
21308 2 12 7
27469 0 11 8
32171 -1 4 4
54515 18 20 8
75239 5 9 6
12296 5 10 6
66444 9 14 6
99339 4 4 2
74577 5 16 8
72837 2 13 8
64356 -17 5 9
62722 12 19 9
49325 3 13 7
94205 16 18 7
98334 -1 10 8
89316 11 16 8
46016 2 7 3
34271 13 18 7
10962 8 17 9
32172 14 19 8
49758 6 14 8
97585 16 16 6
70631 14 14 5
57882 4 12 7
46466 3 8 5
41534 13 14 6
52479 13 16 7
51033 1 15 9
12020 -7 7 7
45416 18 18 6
8379 0 8 6
39062 -12 9 10
56566 1 9 7
46715 -3 13 9
34679 -3 5 6
11321 3 16 9
64618 5 9 5
10147 -2 12 9
49792 -7 7 7
74114 -3 10 7
58552 2 13 7
69929 7 8 4
5875 -1 8 6
81129 0 9 6
37017 4 9 6
68387 -18 4 8
68815 4 9 5
40806 1 12 8
92737 19 23 9
39857 3 15 9
32805 6 11 6
90082 19 24 9
81749 15 20 9
67029 22 23 8
19169 -1 10 7
41926 17 19 8
38863 -12 5 8
30904 13 20 9
17225 22 22 7
38708 11 17 8
38942 18 23 9
96503 12 15 6
95366 -4 5 6
1851 13 20 9
82627 13 17 7
53448 16 16 6
23206 6 6 3
57591 -1 2 3
99338 -7 7 7
20642 7 13 6
76872 9 17 9
32398 17 21 9
25648 11 11 5
97130 8 13 7
75378 10 15 7
59067 8 13 7
588 1 9 6
95953 13 16 6
34257 3 8 5
57665 -1 4 4
39648 19 19 7
80643 7 17 9
20634 1 11 7
60981 10 13 6
22382 5 14 8
96076 19 20 8
64318 9 15 8
45976 11 19 9
35674 -3 7 7
11833 15 18 8
50925 12 12 6
20074 -2 6 6
33441 5 10 5
49300 6 15 8
47733 15 20 9
94713 3 7 5
93803 15 16 7
47913 3 15 9
89178 -2 7 6
67942 10 11 5
14648 3 12 7
90035 2 8 5
2115 3 8 5
50520 12 12 5
6919 15 15 5
1125 5 10 5
86031 10 19 9
59780 14 14 6
28719 13 17 8
58452 5 13 7
48274 2 7 5
83048 -5 11 9
90333 -4 11 9
85371 -9 4 5
73018 -1 7 6
36133 8 16 8
12956 -7 10 9
85923 14 19 8
28244 -8 7 8
801 -5 9 8
5517 17 21 8
64794 17 19 7
79536 2 8 5
32262 -3 10 8
46656 18 22 8
74706 10 14 7
11608 14 22 10
27145 -1 9 7
13273 11 16 7
81559 -2 9 7
60872 4 14 8
94674 3 12 8
98581 6 11 7
90331 4 12 7
43006 16 17 6
57112 8 19 10
87571 2 8 6
6501 24 24 8
14373 18 19 8
63071 12 20 9
47153 -1 8 6
69084 10 20 10
40941 12 16 8
29186 5 10 5
43036 10 15 7
49591 3 12 7
23388 -1 6 6
66110 14 22 10
81340 8 12 7
38741 16 20 8
27027 1 10 7
81591 4 11 7
98937 1 7 6
10555 10 10 4
32841 -4 8 6
86656 9 13 6
89400 0 9 6
96163 12 16 7
87075 13 18 8
61972 6 9 6
72509 18 20 8
88979 -2 0 1
82011 -7 4 6
48872 6 11 6
87916 7 12 7
42569 -5 8 8
95052 -4 5 6
96676 4 13 8
86067 -4 10 7
91266 3 12 6
82292 5 13 8
12042 1 12 7
32938 7 14 7
30776 22 22 8
96866 10 10 4
84271 6 12 6
3311 19 23 9
12279 -6 6 7
77435 13 13 6
34506 3 12 7
66313 -1 6 5
92145 8 15 8
70044 18 18 7
86846 -13 2 7
76541 -1 8 6
99530 2 7 6
88751 11 12 6
6845 -4 11 9
95288 1 10 7
807 2 12 7
34989 3 13 7
76194 6 14 7
18194 16 16 6
97810 -18 6 10
81122 3 10 6
82226 18 18 7
17101 11 14 6
94492 2 12 7
34217 18 21 8
81336 13 18 8
42388 20 25 10
14465 17 17 7
78527 6 11 6
77660 8 16 8
91123 7 7 4
67529 13 16 7
1555 17 17 7
37694 8 17 8
96546 0 14 9
10440 -1 4 4
22602 1 10 6
81126 5 10 6
80498 17 17 6
6404 11 15 7
43081 -2 7 6
15410 0 6 5
92823 -7 8 7
14164 14 19 8
79667 -6 10 8
59217 23 23 8
5004 4 13 8
47877 -4 4 5
88647 2 12 8
99547 5 13 8
28348 5 10 6
66496 17 18 6
70005 16 16 5
66964 6 10 5
65985 16 16 6
50811 -5 4 6
21932 9 14 7
55554 16 23 10
4135 14 14 6
85507 17 17 6
15453 5 17 9
33110 5 14 8
40207 23 23 7
30962 14 19 8
22513 17 19 7
11624 5 10 6
96262 -3 8 6
58768 0 6 5
93623 3 8 5
91303 16 21 9
28966 -6 6 6
80920 0 14 9
16306 16 18 8
70522 -1 11 8
20279 2 10 7
7298 13 13 5
9317 0 9 6
210 -3 7 7
93087 7 12 7
11642 9 12 6
61992 10 19 9
1745 14 18 8
31889 -1 12 8
17353 -4 9 8
8002 16 20 8
70537 6 10 5
16666 13 19 9
88485 14 17 7
79228 9 10 4
15168 7 14 8
53246 9 16 8
62786 4 13 7
64044 8 17 8
94594 9 16 8
72044 7 17 9
84009 13 18 8
4423 14 19 7
30181 10 20 10
1677 1 15 9
15842 -7 6 6
65652 1 11 8
87991 5 10 6
8748 -1 6 6
11901 3 13 8
91307 4 10 6
2341 7 11 5
99488 7 13 6
36664 -2 8 7
2223 10 15 7
50216 4 10 7
54455 6 15 8
44411 5 14 8
11142 0 9 6
36180 14 22 10
29479 -6 6 7
39600 14 14 6
65816 -11 6 8
6359 -4 4 5
88530 8 15 8
82122 9 18 8
4449 19 20 8
55120 -6 6 6
95620 30 30 10
83417 15 19 8
38342 6 14 7
64102 15 18 8
43846 0 10 7
85927 13 21 9
91605 9 14 7
32826 16 17 6
45453 14 19 7
73252 8 15 7
56696 19 19 7
31725 6 12 6
89800 14 19 8
26919 -15 1 6
59201 -1 7 6
76122 -11 8 8
92802 4 13 8
80767 9 9 5
15876 12 17 8
86570 20 20 8
81320 0 10 8
18242 -1 9 7
93659 3 12 6
55295 15 15 6
68004 20 20 7
72701 2 7 4
42367 22 22 6
25980 9 12 6
35684 30 30 10
746 13 13 5
17571 11 18 9
33596 11 15 7
48528 5 17 9
58917 10 13 6
80227 15 19 8
18245 6 11 6
94790 5 12 7
38992 -1 11 8
99313 -1 13 9
34857 7 14 8
97528 -16 6 9
71420 7 7 4
38469 12 17 7
19032 18 18 7
70056 13 18 7
22585 6 16 9
31253 6 13 8
99655 17 17 7
84499 12 21 10
11462 8 12 6
56018 13 18 7
26244 7 13 7
41107 7 14 7
95842 18 18 6
14102 -11 6 8
62240 7 13 7
68125 13 18 8
62114 18 19 7
34070 0 10 7
60638 16 16 6
32890 3 8 4
83843 -13 3 7
26220 7 16 9
22365 11 16 7
11614 8 13 6
82314 7 16 8
52277 13 17 8
4972 -3 5 5
53726 -6 9 8
80234 -1 13 9
37987 16 21 9
73564 0 9 6
18852 -4 6 6
30667 1 11 7
13377 15 20 9
96798 -4 8 7
72446 0 10 8
54522 5 14 7
22888 -14 7 9
71536 6 11 6
89026 2 16 10
36923 5 10 6
61050 1 10 7
29043 3 14 7
97216 0 7 5
96248 6 11 6
63520 9 15 7
80851 9 15 8
17919 -1 9 7
45970 12 12 5
51166 11 15 7
74497 11 15 6
75741 -7 9 9
77080 13 19 8
57230 14 14 6
7372 2 14 9
68298 -3 7 6
3408 19 19 7
9448 4 17 10
95088 18 24 10
8366 9 17 9
48833 9 14 6
99568 21 21 7
1746 12 19 8
92390 23 25 9
39238 1 9 7
82741 7 15 8
43066 8 17 8
5841 16 20 8
89975 20 20 7
63055 0 9 7
7995 -6 8 7
48557 9 17 9
73920 1 11 6
63554 3 13 8
18795 8 13 7
17993 -2 6 4
86341 -2 10 7
13360 -4 10 7
46719 6 14 7
46654 11 14 6
20454 12 20 9
19709 21 21 8
26568 3 13 8
80256 8 12 5
3764 13 13 4
46582 3 12 7
99644 5 10 5
17900 8 8 4
28452 7 14 8
5271 10 10 4
23509 -6 9 8
43169 7 17 9
91410 3 9 6
74525 18 21 8
82287 11 15 7
99007 10 10 4
66332 10 18 8
34225 8 13 6
54089 -8 7 8
54673 3 7 4
75600 -2 10 8
67605 26 26 8
83095 10 14 5
82510 0 12 8
44087 -7 4 6
42246 -3 8 6
27670 -10 6 8
85913 3 7 5
365 12 15 7
52770 4 11 6
86954 9 9 4
5466 8 13 6
52975 1 10 6
15373 4 17 10
2586 10 14 7
1400 -8 8 8
2339 0 9 6
61443 1 11 7
77618 4 13 8
88664 5 9 5
2406 6 8 5
17417 7 16 9
55052 11 18 9
83870 7 16 8
60433 12 17 7
85762 7 11 6
83938 17 17 7
44358 11 14 6
86208 9 13 6
37766 13 13 4
95952 8 13 6
96251 -10 5 7
15579 22 22 8
36521 8 12 6
20420 17 17 6
25404 16 21 9
30280 3 12 7
13528 9 10 5
51460 3 12 7
63691 15 20 8
16320 3 14 9
64501 10 13 7
75000 16 19 7
49275 5 11 6
18324 4 13 8
64434 1 12 8
40058 5 15 8
99132 16 21 9
96359 10 10 5
4256 21 21 8
2039 12 15 7
30687 19 23 9
16859 3 12 8
43473 -7 9 9
94818 3 13 7
63308 10 17 8
66981 9 14 6
32874 6 8 4
78431 9 12 5
77805 -7 8 7
57147 -2 10 8
27903 13 17 7
69315 15 16 7
62247 11 16 7
74997 15 15 6
15113 4 11 7
39751 14 17 6
97733 16 16 6
79607 15 20 8
29723 1 10 7
91853 5 14 8
61313 6 15 7
58538 12 17 7
70080 12 15 7
30101 1 11 7
46341 19 19 7
46696 11 16 8
99712 5 14 8
12331 9 16 8
58338 5 15 9
90140 6 11 6
4469 22 22 8
23292 -1 14 9
57192 9 11 5
54125 1 13 9
10105 10 12 6
57436 8 16 8
81452 12 13 5
94307 -14 5 8
34729 21 21 7
41570 7 10 5
33326 -11 6 7
67733 -6 8 7
88354 6 14 6
90093 14 18 7
27804 0 9 5
66506 8 18 9
35082 10 14 7
68104 22 22 7
84180 10 10 4
27999 -4 9 7
9563 -6 10 8
88377 5 10 5
13600 6 14 8
38090 2 9 6
50129 3 7 5
97111 -5 10 8
28447 -7 3 6
41720 -5 6 6
702 8 13 7
3537 15 15 6
18999 1 10 6
81571 -14 2 6
9158 -8 5 6
12123 12 13 5
11026 10 15 7
84240 6 15 7
98475 7 14 8
50877 0 9 5
42175 12 16 8
93175 12 17 7
38313 -10 9 8
50939 9 17 9
56327 5 15 9
98483 10 17 7
69357 11 15 6
51724 15 20 9
71375 8 13 6
61793 18 20 7
80181 10 14 6
57575 2 10 7
47220 11 15 6
77826 11 11 4
6353 9 18 8
76349 15 15 6
81104 -9 3 4
91917 5 14 8
15478 5 16 9
60211 6 6 4
96699 16 19 8
44101 6 16 9
55836 3 13 8
40158 -12 7 8
87039 -6 5 5
41204 15 17 7
25435 -1 12 8
36913 17 21 8
9092 22 24 8
28333 11 16 7
28440 5 16 9
86500 -6 8 7
31301 0 13 9
20161 9 18 8
8261 10 14 6
1060 21 22 8
89272 5 13 7
11453 -8 6 7
37441 6 15 8
32934 -3 6 6
51376 -2 12 9
4013 10 14 7
41442 -1 8 5
82582 4 14 7
30580 -6 8 7
1887 8 15 8
1104 16 16 7
72787 13 18 8
97405 5 13 7
91657 14 18 7
61489 17 21 9
82116 7 12 5
88063 10 20 10
90236 1 8 6
96744 19 19 7
48161 17 17 5
44353 17 21 9
67125 -2 12 8
91550 15 20 9
33727 11 16 8
53774 3 14 9
64959 3 12 7
71507 21 22 8
7342 20 20 8
19312 0 10 7
99307 21 21 8
53488 8 15 8
18241 15 15 6
13806 5 9 6
45748 20 22 8
11673 -5 8 7
58310 5 9 6
59604 16 16 7
67851 18 22 8
98730 8 13 6
93964 1 7 6
9990 4 12 8
23337 5 15 9
91248 8 14 7
38336 11 16 7
18589 -5 6 6
57030 2 10 7
56024 -3 11 9
90439 14 18 8
24355 -3 7 7
28921 1 13 9
10072 12 16 8
99510 5 11 7
86761 7 13 6
88493 -6 5 6
9219 8 12 6
44720 5 13 7
76489 10 17 8
50040 17 17 6
96789 14 14 5
51674 0 9 6
73843 8 15 7
40925 1 7 5
48681 -8 9 9
97101 17 17 7
59665 24 27 10
18259 0 11 8
52915 -4 8 7
50031 -1 13 9
49400 5 13 8
9492 6 11 6
11008 11 16 8
94889 6 14 7
71547 5 13 7
71904 -2 7 6
85396 5 16 9
13060 -1 9 7
74768 19 24 9
23346 7 14 7
17021 11 16 8
60284 -6 3 5
75732 9 14 7
19652 -10 3 5
72138 11 14 5
90319 1 7 5
87688 15 19 8
50752 12 13 5
10972 -1 7 6
52214 -1 13 8
98969 4 11 7
94398 16 16 6
33347 3 6 3
7568 12 17 7
7146 -5 8 8
28564 15 15 6
17804 19 22 9
51764 12 17 8
32929 21 21 8
73358 6 13 6
57863 3 13 8
57202 16 16 6
81376 5 10 6
82313 27 27 9
49234 0 8 5
10501 -8 8 7
84232 0 6 5
29749 9 13 5
3543 -1 10 8
21880 13 15 7
93533 15 20 9
97586 15 16 7
98039 -1 11 8
88254 3 11 6
17250 25 26 9
99524 15 15 6
39824 -10 6 8
59355 1 14 8
90697 2 13 8
14273 3 10 5
16014 -7 7 8
75315 8 12 6
67285 14 17 6
99491 4 14 7
81357 -5 9 8
82518 6 12 7
51074 16 17 7
36863 10 19 9
24623 8 8 4
17898 6 13 7
52609 18 22 9
48462 16 16 7
75363 19 19 6
23411 3 10 6
74390 10 14 6
44485 2 4 4
68355 8 15 8
47986 -1 6 5
3350 2 16 10
20016 -3 9 8
78815 28 28 8
92580 9 18 9
1817 15 20 9
72093 -4 10 7
49360 -2 11 8
92482 6 14 8
32059 2 12 8
3481 4 14 8
50632 -6 7 7
18455 5 14 8
26796 3 12 7
56288 9 11 6
46050 11 19 9
87648 14 19 8
47025 0 13 8
33168 8 11 6
81774 20 20 7
66417 -9 4 6
8808 -15 3 6
96526 -6 6 7
53779 8 15 8
24463 5 15 8
30454 13 18 7
38866 3 11 7
73053 18 19 7
71033 15 19 8
99320 -2 6 6
74196 6 11 6
27187 -7 5 5
35351 1 9 7
51855 4 16 9
33578 16 21 9
41848 8 17 8
26741 -2 6 6
84780 11 15 7
88781 13 13 6
58221 12 14 7
99412 2 6 4
31143 3 12 8
50176 2 14 9
88774 8 13 6
20101 18 19 7
18031 6 14 8
9867 26 26 9
88986 14 19 8
21301 5 12 7
53472 10 14 6
15798 14 19 7
24682 18 23 9
72299 -2 9 7
74939 -6 6 7
96763 4 15 9
2627 16 20 8
91798 6 10 6
33791 -6 8 6
16872 10 13 7
35147 21 25 9
13494 2 11 7
33232 3 13 8
58836 14 19 8
87314 11 16 7
41732 13 18 8
46751 -2 10 7
44318 5 14 7
43641 11 15 7
64107 -6 8 7
50649 6 15 8
93400 6 12 7
16564 17 21 9
83457 13 14 6
42557 11 16 7
91314 6 18 10
80605 1 13 9
43037 3 6 5
38460 12 12 5
85620 -3 6 5
72234 10 15 7
22804 12 17 8
58339 -5 11 8
33240 5 14 7
70109 1 4 4
28858 9 15 8
45262 -3 10 8
4441 10 15 7
39295 7 7 3
62635 11 16 7
75850 12 21 10
23849 6 12 7
87233 -2 7 6
21592 13 17 7
28292 5 9 5
78457 22 22 7
45422 -3 5 5
31616 14 19 8
9875 6 15 8
81570 13 16 7
89939 -5 5 5
41977 18 19 7
84655 -3 10 8
97673 22 22 8
24533 20 21 7
32616 13 17 8
27905 0 11 8
79665 -3 8 7
3245 -3 11 9
37743 8 15 7
17747 3 9 5
51779 3 13 7
95892 6 9 6
20108 17 20 8
20619 -4 7 7
6190 15 15 6
65596 8 14 8
11041 20 23 9
51923 8 15 8
78950 8 18 9
75556 16 19 7
49842 1 12 7
28771 8 13 6
3069 8 13 6
19034 -10 5 8
88949 -17 6 9
75495 6 15 7
20996 6 12 7
99988 12 15 7
15170 11 17 8
92674 -9 7 8
91097 8 8 3
75087 -3 11 9
60652 20 20 7
51194 -7 7 7
73665 10 20 10
59862 -7 10 8
35173 -8 8 7
53967 11 18 9
53592 -7 10 9
11541 0 11 8
61797 22 22 6
20052 0 10 7
59975 0 9 6
56475 -5 8 7
19428 -11 1 5
10392 12 17 8
86425 -4 6 6
15856 5 10 6
50288 -9 7 7
19095 8 8 3
76376 -2 14 10
48750 10 10 5
41976 15 19 7
30832 9 15 8
95193 -7 7 6
38748 13 19 9
10182 6 18 10
57915 21 21 6
9324 3 7 5
74856 20 25 10
21796 -4 10 8
77815 3 10 6
97108 13 19 9
63406 5 13 8
41857 -7 9 8
22778 5 13 6
52983 9 18 9
73327 19 19 6
40579 12 17 8
8050 -3 10 7
27917 -4 8 7
41279 9 14 6
8064 -7 6 6
70741 -10 4 7
6977 14 18 8
87932 5 8 5
69386 7 14 8
97522 5 12 6
2006 2 10 7
20113 -9 6 8
89414 12 16 8
5437 -9 2 5
11841 3 12 8
67302 -10 6 7
36210 3 10 7
981 -5 11 9
45073 7 11 5
94465 6 10 6
99026 18 21 8
52532 0 12 8
61226 4 12 7
74600 14 18 7
7550 11 13 5
9558 10 20 10
48096 10 14 7
19821 12 13 6
28923 13 14 6
38714 14 22 10
15454 10 15 7
36006 0 5 4
48032 5 10 6
86979 5 12 7
71804 3 12 8
96903 4 11 7
37529 5 17 9
8753 11 16 6
13608 -1 10 8
39986 15 15 6
34933 17 22 9
52766 11 12 5
82186 25 26 9
37121 2 12 8
94033 17 18 7
79465 18 18 7
19580 10 16 7
58574 1 11 7
97091 -16 2 7
8502 -2 8 7
21321 -2 11 8
5115 2 11 7
57063 3 14 9
92507 9 14 7
87771 -9 3 5
18559 0 10 7
26499 -4 13 10
7157 7 18 9
58225 2 10 7
45358 0 11 7
81686 8 12 6
94581 2 12 8
92251 8 17 9
29731 -12 5 7
90296 13 18 8
47761 17 17 6
20452 1 9 7
91308 8 15 8
88345 -2 6 6
94365 27 27 9
95139 14 19 8
85328 9 14 7
57293 11 19 9
52134 -14 3 7
33555 16 18 7
57951 -2 7 6
22990 -1 11 7
9366 -8 6 7
63766 6 10 5
79133 14 17 7
9124 10 10 5
7062 18 18 6
85277 11 15 7
31921 5 11 6
43684 4 9 5
60527 29 29 9
39285 18 22 9
8183 2 16 10
98268 0 9 7
33330 -9 6 7
37654 -6 9 8
35094 6 11 6
63125 12 15 7
35789 -9 6 8
64382 5 14 7
60865 -5 6 7
19543 7 12 6
50396 9 13 6
16343 16 20 7
26343 12 16 7
83475 -5 10 9
58021 18 21 8
430 8 13 6
34859 20 25 10
42574 -5 8 8
93546 -1 12 8
55709 16 20 8
36663 -10 1 4
19817 14 15 6
47260 13 19 9
45421 0 9 7
69187 7 16 8
61678 15 18 7
15879 -3 11 9
12149 5 5 3
73178 12 16 7
32345 7 17 9
49026 19 21 8
84185 10 15 8
6840 -7 2 4
60257 5 14 8
67224 12 15 7
74046 -5 9 8
87749 14 14 6
178 16 16 6
4956 15 18 7
64137 4 9 5
3364 1 9 7
92659 3 8 5
71609 -1 10 8
70955 -5 6 7
27702 19 19 6
15117 2 13 8
66845 6 13 7
24167 13 19 9
98569 20 20 7
39099 6 10 5
31653 15 21 9
44260 -11 4 5
75942 4 11 5
85825 16 16 5
45205 8 12 6
76830 4 16 9
82440 10 15 7
84794 22 22 7
99569 9 18 9
42657 7 10 6
90454 20 22 8
23311 22 22 8
49796 7 11 6
99199 18 18 7
74705 20 20 6
54924 7 15 7
26046 14 17 8
82304 5 16 9
46975 4 9 6
95353 6 11 6
88756 6 11 6
88769 8 15 8
11759 -5 8 7
97856 14 19 8
8087 13 13 5
12186 14 14 4
92363 8 12 6
29756 6 8 4
47901 21 22 8
9816 11 16 7
52591 5 14 7
78783 2 10 6
16157 -6 7 7
22277 -10 4 7
88090 5 11 7
69632 -5 8 6
40674 14 19 8
78385 13 13 6
49118 1 10 6
46263 7 11 6
18694 19 20 7
62022 16 20 8
63729 11 19 9
94102 -3 10 7
18474 -5 4 5
91255 11 11 5
17238 -6 5 6
29808 0 14 9
40586 11 16 6
24674 7 15 8
81144 16 23 10
45572 8 12 7
74469 14 18 8
27232 11 12 5
35392 8 14 7
18612 -7 9 9
61470 -18 4 9
17599 16 17 6
93857 1 10 6
88597 9 11 6
98824 11 16 7
40418 18 18 7
41056 11 14 7
49219 10 15 7
93443 -3 7 6
72470 -10 3 5
46218 19 19 6
64026 9 14 7
5977 7 12 7
38436 13 13 6
39515 14 22 10
28215 4 17 10
78072 0 3 3
75607 11 16 7
74524 14 16 6
98096 3 12 7
89311 11 15 7
2229 10 10 5
61842 12 17 7
91796 11 15 7
84532 15 20 8
97067 21 23 8
63038 22 22 8
2280 3 13 7
95282 0 10 8
57929 9 15 7
75020 3 13 8
36727 11 15 7
87588 7 7 4
52332 8 13 6
12290 1 10 7
78451 3 11 7
78686 18 18 6
27988 8 13 6
74714 2 12 7
77075 13 18 7
14997 5 7 4
46384 16 20 8
31794 -14 6 9
52297 -3 11 9
7961 -2 8 6
67484 30 30 10
3129 11 18 8
36555 11 16 7
83035 14 14 6
48429 5 14 7
53316 4 11 7
90627 9 14 7
22537 7 11 6
32928 5 9 6
71427 13 18 8
30405 7 13 7
68436 10 14 6
98364 3 12 8
76838 2 14 8
15163 6 9 5
42718 -7 7 7
9571 9 13 6
37288 4 8 5
66447 7 11 5
3328 9 16 8
71245 -6 6 6
21887 18 18 7
83335 10 14 6
10359 5 10 5
42798 4 11 6
49981 9 13 7
17324 17 17 6
7486 5 14 8
55239 18 18 7
70778 4 9 4
83637 -7 4 5
4692 -6 6 7
35601 -12 4 7
34462 3 15 9
87024 -1 10 8
39769 8 8 3
96057 18 21 8
20797 -7 7 7
65448 0 12 8
37681 9 16 8
21676 9 11 5
4145 12 15 7
98510 2 12 8
24609 11 13 6
84533 -5 11 9
73075 16 16 5
84463 10 13 6
86631 -5 9 8
49597 13 15 7
8071 6 13 7
27783 14 14 5
38948 7 12 6
70993 10 14 7
229 1 9 7
18068 15 15 4
38431 0 9 7
66469 -2 12 9
95910 -7 9 9
44339 8 13 6
35110 3 7 3
47357 6 11 6
11830 -6 8 8
6019 6 6 3
20121 10 18 9
83804 8 13 6
1305 -14 2 7
62584 9 13 6
61401 -2 11 8
71989 3 11 6
16747 7 15 8
66214 9 14 7
39676 9 14 7
47659 4 11 7
82572 13 18 8
91867 7 7 4
45090 7 16 9
19391 14 17 7
82306 4 9 5
76502 24 27 10
60223 19 19 7
11307 -6 7 8
30296 21 21 8
76817 -1 8 7
78163 4 13 8
65242 16 17 7
63864 8 16 8
62137 -7 6 7
8029 8 9 5
38141 9 17 7
24872 13 17 7
84632 2 12 8
11526 2 12 8
70826 5 17 9
92866 11 12 4
99017 10 16 8
71358 13 16 6
10171 4 13 8
23267 6 15 8
91529 7 12 5
45985 5 12 6
89728 7 15 8
26365 8 16 8
29973 4 10 5
60974 5 13 7
63563 14 18 7
47477 15 20 8
76731 15 20 8
83696 23 23 7
5343 3 10 7
57693 -11 4 6
2175 3 12 7
2934 14 17 7
16176 2 13 8
62680 -2 8 6
86770 -14 1 5
83752 8 15 7
4096 0 7 5
1503 10 14 7
21138 21 21 7
50329 5 8 4
6281 -2 10 8
40339 7 7 3
74447 2 4 4
8714 10 15 6
10933 14 17 8
2463 4 9 6
75956 6 13 7
16505 15 15 5
41688 11 11 5
57588 16 16 6
1681 -4 10 8
50378 9 15 8
32638 2 6 5
91257 17 21 8
45235 14 14 6
97236 3 15 9
93134 -6 9 8
37951 5 9 5
35187 5 10 5
51595 10 15 7
22457 8 15 7
64449 8 13 7
84698 -2 9 6
82706 7 13 6
82037 5 10 6
12474 26 26 9
97122 2 11 6
85921 -10 4 6
20093 3 12 7
57330 -2 5 4
18055 9 13 6
87608 -11 3 6
51004 10 19 9
25366 15 19 8
1332 -3 6 6
85968 7 7 4
87619 -11 5 6
12238 5 14 8
81422 -14 4 7
35046 -4 9 8
55073 13 17 7
15140 22 26 10
16449 12 19 8
4951 2 11 7
93844 2 10 6
1216 8 18 9
39997 15 15 5
71364 25 25 8
73094 -6 10 9
82187 0 9 7
52565 -8 7 8
66993 -5 4 4
92407 -3 7 5
62681 20 20 7
73202 -8 5 6
69720 -7 6 7
10217 -10 7 8
92757 3 14 9
44170 -5 9 8
98706 8 16 8
84920 4 8 5
74489 15 15 5
92032 17 17 6
71828 5 13 7
49276 8 13 7
85368 0 14 9
95673 3 12 7
47306 6 13 7
37005 14 16 6
66376 3 6 4
92240 0 10 8
19181 10 19 8
38642 1 12 8
43858 4 9 5
95077 3 12 7
85665 2 13 8
84198 13 16 7
8756 9 14 6
22009 7 13 6
87540 2 9 5
33005 10 17 8
20459 -9 6 8
54218 6 16 9
3712 -6 11 9
89242 7 15 7
84837 16 16 5
54966 -8 5 6
36916 5 14 8
56115 6 16 8
48697 8 11 5
23661 5 5 3
42181 2 11 8
72797 1 11 7
73015 11 11 4
85989 5 8 5
22350 15 19 8
46367 2 11 7
90954 10 14 7
3267 10 17 8
75273 8 8 4
74605 0 11 7
90053 -4 6 6
4591 -6 10 9
51702 10 15 6
94627 15 22 9
46669 8 14 7
59935 8 10 5
67689 18 18 7
44304 -5 8 7
83951 -4 5 5
69664 12 17 8
45226 5 14 8
74864 9 18 9
18283 5 14 8
68590 -13 2 6
50149 4 13 7
13964 2 12 7
50007 -3 11 9
97308 -2 9 7
45093 8 17 9
22035 7 15 7
66242 15 21 9
76595 5 14 7
55063 3 12 6
13829 11 11 5
76391 21 21 7
24873 11 15 7
61382 16 16 6
79749 0 8 6
48533 -4 5 5
32773 3 11 7
82772 -3 7 6
16025 1 9 6
82350 2 12 8
82022 3 8 6
57052 6 17 9
28159 1 10 7
13827 -5 9 7
13254 5 14 8
72049 -10 7 8
48628 6 6 2
4098 14 15 6
67627 27 27 9
61619 11 14 6
94835 11 16 7
83470 -1 8 5
30510 -9 6 7
93424 7 11 6
32576 -2 7 6
72555 17 22 8
48368 17 21 8
6247 5 10 6
48134 3 15 8
93757 3 13 8
69532 1 9 7
18730 -7 7 6
44197 5 17 9
26181 10 11 4
15472 -3 11 8
89761 4 11 7
81888 4 11 7
79552 -2 7 5
86788 0 6 5
96173 -5 11 9
64106 11 16 7
72439 10 20 10
71785 1 14 8
26017 -8 9 8
27692 -2 8 6
51872 3 14 9
90998 5 10 5
20510 9 17 9
16433 5 15 9
99263 22 22 7
40978 -9 9 8
59588 10 15 7
76201 6 14 8
86583 15 19 8
35149 17 18 6
65331 2 13 8
30845 14 14 6
89952 -5 7 7
69688 7 16 8
72697 -6 7 7
57974 6 11 5
90942 15 19 7
61146 6 11 5
78498 13 13 5
56417 -5 3 4
38588 14 20 9
78323 16 18 7
42734 4 8 4
50880 8 15 7
45615 5 7 4
15232 9 13 7
74190 11 19 8
48045 2 7 4
17531 12 12 6
69185 0 5 5
47555 12 17 7
72758 16 21 9
18405 2 15 9
92545 -1 8 6
85214 20 20 6
80607 7 16 9
27073 12 14 6
87683 1 8 6
14196 6 16 9
22100 9 15 7
89048 5 13 7
66520 -8 10 9
26096 -8 4 6
73679 -1 8 5
50024 13 13 5
61197 -1 6 5
28001 -3 13 9
45782 -6 3 4
86789 11 16 8
88520 -14 4 7
67920 -8 4 6
31764 14 20 9
65878 2 12 7
11703 3 11 5
52739 6 10 5
56651 0 8 6
59183 -3 2 3
41901 16 16 6
3091 -4 10 7
65569 20 23 8
32559 6 13 8
61782 10 14 7
27793 -4 6 7
20202 5 14 8
44837 7 15 8
17247 7 14 8
10503 6 16 9
15874 -7 6 7
2668 15 22 9
72856 11 14 6
95640 14 15 7
21281 1 9 6
35470 -2 10 7
75884 0 9 7
47322 -3 9 8
93962 -13 3 6
69906 4 12 6
72341 11 17 7
36211 -9 1 4
44010 -13 4 6
15591 17 19 7
62339 -1 12 9
96860 0 10 6
98006 17 17 6
82839 14 18 8
52478 10 14 7
98630 -7 3 5
82373 0 9 6
52386 5 10 6
89119 8 15 8
75507 15 19 8
71512 1 10 6
84993 0 8 6
29274 12 16 8
38958 7 16 8
29944 2 7 5
34544 -8 10 9
81300 -9 7 8
5577 10 16 8
40789 7 17 9
60449 3 10 6
77640 14 19 8
65737 11 11 5
69793 17 17 6
60812 11 17 7
14061 0 12 8
43810 4 12 7
58125 6 15 8
34628 10 14 7
39177 -2 14 10
58500 2 12 8
43633 21 25 9
14015 12 18 8
98480 8 8 4
28423 11 15 7
67935 -8 3 6
81823 -3 9 7
45831 -6 7 7
51947 19 22 7
57471 11 16 7
39682 4 13 8
78766 17 21 9
13690 12 17 8
71920 -12 7 8
44334 8 14 7
53092 2 11 7
49398 7 17 9
10763 -1 13 9
93686 -10 1 4
58870 11 17 7
19758 -9 3 6
26451 14 22 10
95029 -6 5 6
81344 16 18 7
80649 11 16 7
25368 -3 6 5
36374 6 16 9
23965 3 8 5
83740 12 14 6
53819 5 12 6
12059 12 17 8
92028 1 7 6
54921 4 15 8
87675 10 10 4
64475 13 18 8
91925 15 18 7
81947 -2 6 6
42371 -16 4 7
37171 11 16 7
92983 12 13 6
72754 -4 4 5
43883 9 14 7
66728 5 14 8
5499 10 10 5
8392 13 16 7
37724 13 14 6
41258 2 6 4
24064 10 13 7
73297 12 14 6
3360 10 14 6
49063 14 17 8
25685 1 10 7
88391 14 18 7
77 14 14 5
84455 1 10 6
39855 1 10 7
2823 -5 10 9
51016 -2 8 7
37486 8 12 6
38078 0 9 6
23148 14 17 7
74323 -4 6 5
45878 -10 6 8
86598 9 14 7
93091 24 24 8
43724 3 16 9
8008 6 16 9
7634 5 14 8
74083 -7 8 7
8579 13 18 8
23132 5 8 5
39288 -9 7 6
1708 10 14 7
38681 6 14 8
81748 5 12 7
22931 -2 7 5
98329 19 22 9
19867 11 16 8
65463 25 25 9
13397 24 24 7
57891 6 11 7
19703 -4 11 9
12470 12 17 8
15040 10 15 7
59133 6 15 8
62401 19 19 6
27480 21 21 7
3521 -14 5 8
80344 3 12 7
17565 11 14 6
58473 4 11 6
59142 4 8 5
20888 -4 9 8
12378 -6 8 7
60632 14 17 7
37925 17 19 8
39987 9 17 9
61095 -5 6 6
80422 15 15 5
9683 2 15 9
27142 13 18 8
8775 13 15 7
20610 22 22 7
30171 18 18 7
37815 5 11 7
46722 2 7 4
5155 7 16 9
25128 22 24 9
92132 14 20 9
45051 0 13 9
2584 10 14 7
15075 10 14 7
35986 8 16 8
7382 -3 8 7
55020 0 11 8
69796 16 21 9
92462 15 16 6
92321 3 9 6
78700 -5 5 6
69294 6 14 8
97450 -3 9 7
67215 2 7 5
13419 11 16 7
62659 15 15 6
52354 2 15 9
95425 8 12 6
54795 1 9 6
73337 -2 9 6
36389 -1 13 9
23488 13 17 8
23905 1 13 9
3196 -7 5 6
74753 5 12 7
93955 16 16 6
21474 12 12 5
92846 9 14 7
52982 11 18 9
88670 21 21 7
312 1 9 6
14631 8 13 6
70980 9 11 6
43299 4 10 6
77858 14 16 6
25686 10 20 10
25150 -2 12 9
38185 9 14 7
44457 12 19 9
31394 -12 3 6
21254 5 13 8
89614 -1 6 5
49923 4 10 6
94656 12 21 10
4043 11 16 8
